timestamp,device_id,room,temperature,humidity,co2
2025-06-16T16:33:10.140686,sensor_living_Room,living_Room,23.76,34.48,774.32
2025-06-16T16:33:10.141692,sensor_kitchen,kitchen,16.39,31.77,878.97
2025-06-16T16:33:10.141692,sensor_bedroom,bedroom,20.83,58.39,844.33
2025-06-16T16:33:10.142687,sensor_garage,garage,21.37,56.64,797.37
2025-06-16T16:33:30.143634,sensor_living_Room,living_Room,17.01,59.84,716.84
2025-06-16T16:33:30.144766,sensor_kitchen,kitchen,28.58,37.94,553.6
2025-06-16T16:33:30.145844,sensor_bedroom,bedroom,16.34,68.19,938.97
2025-06-16T16:33:30.146767,sensor_garage,garage,29.76,68.73,643.79
2025-06-16T16:33:50.148390,sensor_living_Room,living_Room,17.88,60.53,962.84
2025-06-16T16:33:50.149449,sensor_kitchen,kitchen,15.66,66.4,950.48
2025-06-16T16:33:50.150419,sensor_bedroom,bedroom,20.87,48.17,681.86
2025-06-16T16:33:50.151420,sensor_garage,garage,18.98,66.69,774.45
2025-06-16T16:34:10.153838,sensor_living_Room,living_Room,22.28,64.35,866.05
2025-06-16T16:34:10.155012,sensor_kitchen,kitchen,22.21,33.05,906.52
2025-06-16T16:34:10.156000,sensor_bedroom,bedroom,23.81,57.37,825.12
2025-06-16T16:34:10.156989,sensor_garage,garage,15.59,52.62,908.26
2025-06-16T16:34:30.158527,sensor_living_Room,living_Room,19.39,33.82,819.8
2025-06-16T16:34:30.160115,sensor_kitchen,kitchen,24.36,33.95,769.89
2025-06-16T16:34:30.161126,sensor_bedroom,bedroom,24.6,54.15,545.36
2025-06-16T16:34:30.162162,sensor_garage,garage,25.28,33.07,647.85
2025-06-16T16:34:50.164317,sensor_living_Room,living_Room,29.24,63.74,775.75
2025-06-16T16:34:50.165346,sensor_kitchen,kitchen,21.98,35.94,565.53
2025-06-16T16:34:50.166427,sensor_bedroom,bedroom,28.55,65.51,961.17
2025-06-16T16:34:50.167758,sensor_garage,garage,18.95,40.29,805.49
2025-06-16T16:35:10.169083,sensor_living_Room,living_Room,20.21,59.39,720.88
2025-06-16T16:35:10.170117,sensor_kitchen,kitchen,22.65,60.81,419.2
2025-06-16T16:35:10.171139,sensor_bedroom,bedroom,16.51,40.33,928
2025-06-16T16:35:10.172118,sensor_garage,garage,26.07,36.15,852.83
2025-06-16T16:35:30.174339,sensor_living_Room,living_Room,15.46,60.02,765.12
2025-06-16T16:35:30.176369,sensor_kitchen,kitchen,25.73,67.59,805.87
2025-06-16T16:35:30.176369,sensor_bedroom,bedroom,16.05,65.95,433.99
2025-06-16T16:35:30.177762,sensor_garage,garage,25.49,50.08,592.68
2025-06-16T16:35:50.180343,sensor_living_Room,living_Room,25.2,59.2,520.51
2025-06-16T16:35:50.182377,sensor_kitchen,kitchen,27.27,60.05,765.89
2025-06-16T16:35:50.183383,sensor_bedroom,bedroom,16.18,69.99,430.76
2025-06-16T16:35:50.184377,sensor_garage,garage,22.38,55.49,719.84
2025-06-16T16:36:10.185997,sensor_living_Room,living_Room,15.86,37.93,422.51
2025-06-16T16:36:10.185997,sensor_kitchen,kitchen,23.05,62.95,605.79
2025-06-16T16:36:10.185997,sensor_bedroom,bedroom,15.9,60.7,559.98
2025-06-16T16:36:10.185997,sensor_garage,garage,23.1,64.52,840.16
2025-06-16T16:36:30.187318,sensor_living_Room,living_Room,19.37,47.9,891.3
2025-06-16T16:36:30.188354,sensor_kitchen,kitchen,26.24,46.93,465.94
2025-06-16T16:36:30.189383,sensor_bedroom,bedroom,23.88,37.92,546.81
2025-06-16T16:36:30.190355,sensor_garage,garage,29.89,62.34,632.74
2025-06-16T16:36:50.192107,sensor_living_Room,living_Room,26.57,57.12,739.18
2025-06-16T16:36:50.194223,sensor_kitchen,kitchen,23.82,44.97,721.47
2025-06-16T16:36:50.195223,sensor_bedroom,bedroom,22.81,67.38,686.21
2025-06-16T16:36:50.196243,sensor_garage,garage,29.11,51.76,903.49
2025-06-16T16:37:10.197510,sensor_living_Room,living_Room,24.51,56.25,514.99
2025-06-16T16:37:10.198561,sensor_kitchen,kitchen,17.82,51.39,796.2
2025-06-16T16:37:10.198561,sensor_bedroom,bedroom,27.9,48.44,701.53
2025-06-16T16:37:10.199533,sensor_garage,garage,23.5,40.55,485.01
2025-06-16T16:37:30.201237,sensor_living_Room,living_Room,18.53,59.78,491.45
2025-06-16T16:37:30.201826,sensor_kitchen,kitchen,24.65,33.2,716.34
2025-06-16T16:37:30.202850,sensor_bedroom,bedroom,16.83,44.59,754.69
2025-06-16T16:37:30.203848,sensor_garage,garage,25.53,54.05,569.95
2025-06-16T16:37:50.205557,sensor_living_Room,living_Room,26.22,47.43,858.84
2025-06-16T16:37:50.205557,sensor_kitchen,kitchen,19.74,40.41,552.99
2025-06-16T16:37:50.207307,sensor_bedroom,bedroom,29.94,45.82,444.09
2025-06-16T16:37:50.208339,sensor_garage,garage,18.46,30.52,630.59
2025-06-16T16:38:10.209620,sensor_living_Room,living_Room,24.4,45.46,909.84
2025-06-16T16:38:10.210146,sensor_kitchen,kitchen,29.68,56.42,849.62
2025-06-16T16:38:10.212210,sensor_bedroom,bedroom,18.8,42.29,566.55
2025-06-16T16:38:10.213182,sensor_garage,garage,25.38,49.03,440.27
2025-06-16T16:38:30.215069,sensor_living_Room,living_Room,24.47,65.67,843.48
2025-06-16T16:38:30.216133,sensor_kitchen,kitchen,16.89,67.85,572.34
2025-06-16T16:38:30.217170,sensor_bedroom,bedroom,28.17,60.43,787.6
2025-06-16T16:38:30.218163,sensor_garage,garage,18.91,40.15,987.58
2025-06-16T16:38:50.220579,sensor_living_Room,living_Room,18.52,65,625.14
2025-06-16T16:38:50.221638,sensor_kitchen,kitchen,17.88,68.77,659.13
2025-06-16T16:38:50.222609,sensor_bedroom,bedroom,20.35,44.51,543.34
2025-06-16T16:38:50.223610,sensor_garage,garage,21.3,46.12,610.76
2025-06-16T16:39:10.225272,sensor_living_Room,living_Room,25.15,54.37,890.06
2025-06-16T16:39:10.226330,sensor_kitchen,kitchen,27.27,67.81,684.92
2025-06-16T16:39:10.227305,sensor_bedroom,bedroom,21.42,54.44,858.35
2025-06-16T16:39:10.228305,sensor_garage,garage,23.49,43.72,633.98
2025-06-16T16:39:30.230076,sensor_living_Room,living_Room,16.32,30.07,444.44
2025-06-16T16:39:30.231659,sensor_kitchen,kitchen,27.27,41.64,615.76
2025-06-16T16:39:30.232655,sensor_bedroom,bedroom,28.91,35.03,877.62
2025-06-16T16:39:30.233657,sensor_garage,garage,21.82,60.37,670.71
2025-06-16T16:39:50.236017,sensor_living_Room,living_Room,25.22,44.61,413.67
2025-06-16T16:39:50.237077,sensor_kitchen,kitchen,17.99,45.59,862.26
2025-06-16T16:39:50.238051,sensor_bedroom,bedroom,16.57,41.3,759.32
2025-06-16T16:39:50.239097,sensor_garage,garage,17.23,37.97,856.09
2025-06-16T16:40:10.240600,sensor_living_Room,living_Room,26.48,37.1,820.37
2025-06-16T16:40:10.241676,sensor_kitchen,kitchen,15.9,69.38,571.46
2025-06-16T16:40:10.242676,sensor_bedroom,bedroom,21.17,37.33,703.19
2025-06-16T16:40:10.243667,sensor_garage,garage,23.47,32.67,587.33
2025-06-16T16:40:30.245994,sensor_living_Room,living_Room,27.18,32.87,787.74
2025-06-16T16:40:30.247015,sensor_kitchen,kitchen,24.42,36.99,528.1
2025-06-16T16:40:30.247015,sensor_bedroom,bedroom,20.21,48.25,472.91
2025-06-16T16:40:30.248018,sensor_garage,garage,28.89,45.14,992.01
2025-06-16T16:40:50.249282,sensor_living_Room,living_Room,23.48,35.6,842.94
2025-06-16T16:40:50.250976,sensor_kitchen,kitchen,26.85,50.86,633.75
2025-06-16T16:40:50.251910,sensor_bedroom,bedroom,21.11,49.74,470.13
2025-06-16T16:40:50.252916,sensor_garage,garage,18.16,55.17,918.93
2025-06-16T16:41:10.255102,sensor_living_Room,living_Room,23.27,49.45,905.12
2025-06-16T16:41:10.255683,sensor_kitchen,kitchen,16.72,69.47,747.09
2025-06-16T16:41:10.256782,sensor_bedroom,bedroom,16.24,60.93,710.6
2025-06-16T16:41:10.256782,sensor_garage,garage,23.66,51.06,428.88
2025-06-16T16:41:30.258497,sensor_living_Room,living_Room,21.72,54.95,461.46
2025-06-16T16:41:30.260064,sensor_kitchen,kitchen,24.3,34.55,647.2
2025-06-16T16:41:30.261121,sensor_bedroom,bedroom,22.26,41.8,680.62
2025-06-16T16:41:30.262096,sensor_garage,garage,21,51.43,744.73
2025-06-16T16:41:50.264993,sensor_living_Room,living_Room,28.1,40.89,554.25
2025-06-16T16:41:50.266104,sensor_kitchen,kitchen,29.85,48.69,454.96
2025-06-16T16:41:50.267060,sensor_bedroom,bedroom,15.71,47.33,991.34
2025-06-16T16:41:50.268040,sensor_garage,garage,28.77,37.28,412.57
2025-06-16T16:42:10.269927,sensor_living_Room,living_Room,15.79,36.27,820.29
2025-06-16T16:42:10.270985,sensor_kitchen,kitchen,24.59,51.32,837.59
2025-06-16T16:42:10.271959,sensor_bedroom,bedroom,27.18,49.92,720.13
2025-06-16T16:42:10.271959,sensor_garage,garage,27.69,48.74,445.66
2025-06-16T16:42:30.273667,sensor_living_Room,living_Room,24.26,69.3,489.31
2025-06-16T16:42:30.274698,sensor_kitchen,kitchen,23.46,48.16,911.02
2025-06-16T16:42:30.275732,sensor_bedroom,bedroom,24.2,45.53,903.51
2025-06-16T16:42:30.276705,sensor_garage,garage,22.08,57.77,793.65
2025-06-16T16:42:50.279067,sensor_living_Room,living_Room,19.6,49.56,506.58
2025-06-16T16:42:50.280164,sensor_kitchen,kitchen,26.14,38.33,931.73
2025-06-16T16:42:50.281098,sensor_bedroom,bedroom,24.02,52.92,974.3
2025-06-16T16:42:50.282131,sensor_garage,garage,15.62,49.55,881.09
2025-06-16T16:43:10.283512,sensor_living_Room,living_Room,29.82,67.65,681.03
2025-06-16T16:43:10.283512,sensor_kitchen,kitchen,15.2,38,852.45
2025-06-16T16:43:10.284730,sensor_bedroom,bedroom,27.96,32.23,984.86
2025-06-16T16:43:10.284730,sensor_garage,garage,21.25,56.77,685.96
2025-06-16T16:43:30.285802,sensor_living_Room,living_Room,22.38,30.97,690.08
2025-06-16T16:43:30.286838,sensor_kitchen,kitchen,26.4,40.8,415.55
2025-06-16T16:43:30.287840,sensor_bedroom,bedroom,18.36,63.59,478.68
2025-06-16T16:43:30.288841,sensor_garage,garage,20.06,32.07,667.47
2025-06-16T16:43:50.292170,sensor_living_Room,living_Room,17.18,59.76,740.49
2025-06-16T16:43:50.293237,sensor_kitchen,kitchen,18.02,67.29,800.96
2025-06-16T16:43:50.296683,sensor_bedroom,bedroom,15.99,66.19,514.24
2025-06-16T16:43:50.305955,sensor_garage,garage,23.31,36.7,602.49
2025-06-16T16:44:10.311850,sensor_living_Room,living_Room,18.31,67.71,898.1
2025-06-16T16:44:10.312952,sensor_kitchen,kitchen,23.01,45.53,568.95
2025-06-16T16:44:10.313882,sensor_bedroom,bedroom,27.42,48.41,994.75
2025-06-16T16:44:10.314974,sensor_garage,garage,18.98,66.27,520.2
2025-06-16T16:44:30.317215,sensor_living_Room,living_Room,25.16,51.65,404.86
2025-06-16T16:44:30.318317,sensor_kitchen,kitchen,22.96,44.42,428.69
2025-06-16T16:44:30.319259,sensor_bedroom,bedroom,15.6,67.98,638.63
2025-06-16T16:44:30.320250,sensor_garage,garage,18.87,38.35,660.65
2025-06-16T16:44:50.321846,sensor_living_Room,living_Room,23.03,50.65,731.17
2025-06-16T16:44:50.322930,sensor_kitchen,kitchen,20.55,41.43,614.96
2025-06-16T16:44:50.323911,sensor_bedroom,bedroom,22.21,34.58,827.82
2025-06-16T16:44:50.324913,sensor_garage,garage,19.78,52.68,999.39
2025-06-16T16:45:10.326109,sensor_living_Room,living_Room,29.09,59.95,491.11
2025-06-16T16:45:10.327478,sensor_kitchen,kitchen,20.17,49.14,806.5
2025-06-16T16:45:10.328449,sensor_bedroom,bedroom,22.3,59.74,832.47
2025-06-16T16:45:10.334451,sensor_garage,garage,26.5,37.5,980.37
2025-06-16T16:45:30.343911,sensor_living_Room,living_Room,26.5,33.4,794.25
2025-06-16T16:45:30.344979,sensor_kitchen,kitchen,25.15,33.61,678.83
2025-06-16T16:45:30.346015,sensor_bedroom,bedroom,15.66,67.73,853.01
2025-06-16T16:45:30.348009,sensor_garage,garage,16.03,58.08,468.24
2025-06-16T16:45:50.350699,sensor_living_Room,living_Room,21.99,58.96,605.76
2025-06-16T16:45:50.351723,sensor_kitchen,kitchen,20.27,41.71,782.66
2025-06-16T16:45:50.352760,sensor_bedroom,bedroom,22.32,60.54,496.53
2025-06-16T16:45:50.353753,sensor_garage,garage,19.63,55.05,519.07
2025-06-16T16:46:10.363284,sensor_living_Room,living_Room,26.98,60.83,941.24
2025-06-16T16:46:10.363284,sensor_kitchen,kitchen,28.02,30.4,449.93
2025-06-16T16:46:10.363284,sensor_bedroom,bedroom,27.1,43.66,805.42
2025-06-16T16:46:10.364766,sensor_garage,garage,15.15,63.25,773.88
2025-06-16T16:46:30.365713,sensor_living_Room,living_Room,18.54,51.8,613.59
2025-06-16T16:46:30.366314,sensor_kitchen,kitchen,20.45,69.24,913.03
2025-06-16T16:46:30.367353,sensor_bedroom,bedroom,27.45,43.87,728.43
2025-06-16T16:46:30.368339,sensor_garage,garage,29.87,47.04,419.84
2025-06-16T16:46:50.370353,sensor_living_Room,living_Room,19.02,33.7,858.65
2025-06-16T16:46:50.370948,sensor_kitchen,kitchen,28.45,48.36,611.17
2025-06-16T16:46:50.371979,sensor_bedroom,bedroom,22.18,36.77,582.8
2025-06-16T16:46:50.372980,sensor_garage,garage,21.88,67.42,872.79
2025-06-16T16:47:10.375168,sensor_living_Room,living_Room,17.5,66.78,626.73
2025-06-16T16:47:10.375771,sensor_kitchen,kitchen,15.39,30.11,527.62
2025-06-16T16:47:10.376798,sensor_bedroom,bedroom,19.11,37.39,787.1
2025-06-16T16:47:10.377803,sensor_garage,garage,29.31,57.21,568.97
2025-06-16T16:47:30.379899,sensor_living_Room,living_Room,22.36,34.35,716.39
2025-06-16T16:47:30.380991,sensor_kitchen,kitchen,23.89,44.07,774.26
2025-06-16T16:47:30.381932,sensor_bedroom,bedroom,19.53,60.39,540.21
2025-06-16T16:47:30.382935,sensor_garage,garage,28.36,59.57,823.04
2025-06-16T16:47:50.385195,sensor_living_Room,living_Room,29.46,34.79,673.73
2025-06-16T16:47:50.386280,sensor_kitchen,kitchen,29.89,57.06,515.2
2025-06-16T16:47:50.387264,sensor_bedroom,bedroom,16.5,54.91,551.11
2025-06-16T16:47:50.388269,sensor_garage,garage,28.07,40.36,504.95
2025-06-16T16:48:10.389935,sensor_living_Room,living_Room,25.6,48.63,616.71
2025-06-16T16:48:10.391258,sensor_kitchen,kitchen,29.37,65.31,522.33
2025-06-16T16:48:10.393242,sensor_bedroom,bedroom,17.61,60.02,643.19
2025-06-16T16:48:10.396235,sensor_garage,garage,22.09,33.7,690.33
2025-06-16T16:48:30.401697,sensor_living_Room,living_Room,17.78,57.18,886.14
2025-06-16T16:48:30.419163,sensor_kitchen,kitchen,27.93,51.2,798.22
2025-06-16T16:48:30.419163,sensor_bedroom,bedroom,21,50.64,557.56
2025-06-16T16:48:30.420350,sensor_garage,garage,21.61,43.73,593.99
2025-06-16T16:48:50.421240,sensor_living_Room,living_Room,18.51,49.01,622.84
2025-06-16T16:48:50.422250,sensor_kitchen,kitchen,16.61,36.22,741.49
2025-06-16T16:48:50.423565,sensor_bedroom,bedroom,17.75,37.88,660.89
2025-06-16T16:48:50.433325,sensor_garage,garage,16.85,43.39,563.68
2025-06-16T16:49:10.435364,sensor_living_Room,living_Room,17.08,54.46,745.65
2025-06-16T16:49:10.435364,sensor_kitchen,kitchen,19.76,34.12,921.31
2025-06-16T16:49:10.435364,sensor_bedroom,bedroom,28.18,52.56,426.48
2025-06-16T16:49:10.436217,sensor_garage,garage,26.9,57.9,533.71
2025-06-16T16:49:30.437416,sensor_living_Room,living_Room,22.81,31.92,649.91
2025-06-16T16:49:30.438470,sensor_kitchen,kitchen,16.28,42.54,943.73
2025-06-16T16:49:30.440462,sensor_bedroom,bedroom,18.56,41.85,941.71
2025-06-16T16:49:30.441460,sensor_garage,garage,16.63,46.26,703.11
2025-06-16T16:49:50.443535,sensor_living_Room,living_Room,23.87,49.71,699.06
2025-06-16T16:49:50.444056,sensor_kitchen,kitchen,27.28,34.79,555.88
2025-06-16T16:49:50.445106,sensor_bedroom,bedroom,28.37,55.43,618.55
2025-06-16T16:49:50.446086,sensor_garage,garage,18.32,57.91,655.22
2025-06-16T16:50:10.447645,sensor_living_Room,living_Room,22.63,53.28,698.32
2025-06-16T16:50:10.447645,sensor_kitchen,kitchen,21.13,41.98,629.61
2025-06-16T16:50:10.447645,sensor_bedroom,bedroom,24.39,43.36,844.26
2025-06-16T16:50:10.447645,sensor_garage,garage,23.62,59.29,850.45
2025-06-16T16:50:30.449300,sensor_living_Room,living_Room,25.64,48.09,604.42
2025-06-16T16:50:30.449300,sensor_kitchen,kitchen,25.11,67.24,731.36
2025-06-16T16:50:30.450324,sensor_bedroom,bedroom,15.4,63.09,473.78
2025-06-16T16:50:30.450324,sensor_garage,garage,22.45,63.8,967.15
2025-06-16T16:50:50.451919,sensor_living_Room,living_Room,16.46,61.76,417.5
2025-06-16T16:50:50.451919,sensor_kitchen,kitchen,18.29,35.92,453.14
2025-06-16T16:50:50.452948,sensor_bedroom,bedroom,23.38,64.24,626.56
2025-06-16T16:50:50.452948,sensor_garage,garage,23.82,63.59,637.06
2025-06-16T16:51:10.454296,sensor_living_Room,living_Room,27.85,63.27,812.05
2025-06-16T16:51:10.454296,sensor_kitchen,kitchen,19.26,61.96,748.5
2025-06-16T16:51:10.455770,sensor_bedroom,bedroom,29.61,65.25,493.65
2025-06-16T16:51:10.455770,sensor_garage,garage,29.59,66.5,983.35
2025-06-16T16:51:30.457190,sensor_living_Room,living_Room,16.5,64.82,757.01
2025-06-16T16:51:30.458745,sensor_kitchen,kitchen,24.46,32.07,880.39
2025-06-16T16:51:30.459748,sensor_bedroom,bedroom,18.1,62.68,490.71
2025-06-16T16:51:30.460741,sensor_garage,garage,19.87,49.75,861.34
2025-06-16T16:51:50.463386,sensor_living_Room,living_Room,24.58,66.31,586.72
2025-06-16T16:51:50.465386,sensor_kitchen,kitchen,24.06,33.26,717.8
2025-06-16T16:51:50.469910,sensor_bedroom,bedroom,28.47,48.87,656.54
2025-06-16T16:51:50.472913,sensor_garage,garage,29.42,52.47,739.41
2025-06-16T16:52:10.474886,sensor_living_Room,living_Room,16.43,50.97,784.23
2025-06-16T16:52:10.474886,sensor_kitchen,kitchen,23.54,41.23,845.95
2025-06-16T16:52:10.475893,sensor_bedroom,bedroom,16.16,42.51,539.59
2025-06-16T16:52:10.475893,sensor_garage,garage,18.68,59.77,498.75
2025-06-16T16:52:30.477473,sensor_living_Room,living_Room,25.94,57.21,758.09
2025-06-16T16:52:30.478506,sensor_kitchen,kitchen,23.78,39.07,544.69
2025-06-16T16:52:30.479578,sensor_bedroom,bedroom,15.9,34.13,416.19
2025-06-16T16:52:30.481026,sensor_garage,garage,18.08,68.24,449.33
2025-06-16T16:52:50.482348,sensor_living_Room,living_Room,28.9,60.28,794.15
2025-06-16T16:52:50.482917,sensor_kitchen,kitchen,15.23,49.2,750.52
2025-06-16T16:52:50.482917,sensor_bedroom,bedroom,23.44,44.4,409.62
2025-06-16T16:52:50.483930,sensor_garage,garage,15.03,32.59,611.92
2025-06-16T16:53:10.484815,sensor_living_Room,living_Room,22.24,31.98,925.65
2025-06-16T16:53:10.485885,sensor_kitchen,kitchen,27.99,63.3,615.94
2025-06-16T16:53:10.487854,sensor_bedroom,bedroom,16.07,32.95,938.6
2025-06-16T16:53:10.488845,sensor_garage,garage,26.72,45.07,598.64
2025-06-16T16:53:30.490496,sensor_living_Room,living_Room,23.46,56.43,744.05
2025-06-16T16:53:30.490496,sensor_kitchen,kitchen,21.33,60.27,608.44
2025-06-16T16:53:30.490496,sensor_bedroom,bedroom,19.47,55.92,482.52
2025-06-16T16:53:30.491973,sensor_garage,garage,29.66,66.47,615.21
2025-06-16T16:53:50.492558,sensor_living_Room,living_Room,28.12,47.08,963.38
2025-06-16T16:53:50.493842,sensor_kitchen,kitchen,15.09,67.77,683.91
2025-06-16T16:53:50.494797,sensor_bedroom,bedroom,29.19,44.71,500.72
2025-06-16T16:53:50.495767,sensor_garage,garage,16.83,66.93,596.82
2025-06-16T16:54:10.497265,sensor_living_Room,living_Room,18.11,32.38,555.96
2025-06-16T16:54:10.498323,sensor_kitchen,kitchen,29.37,39.57,692.48
2025-06-16T16:54:10.499295,sensor_bedroom,bedroom,19.14,58.15,865.02
2025-06-16T16:54:10.500294,sensor_garage,garage,15.34,49.4,690.06
2025-06-16T16:54:30.502125,sensor_living_Room,living_Room,29.84,64.58,809.87
2025-06-16T16:54:30.503152,sensor_kitchen,kitchen,15.02,51.52,745.96
2025-06-16T16:54:30.504152,sensor_bedroom,bedroom,21.32,48.54,596.31
2025-06-16T16:54:30.505150,sensor_garage,garage,15.65,69.64,743.52
2025-06-16T16:54:50.506586,sensor_living_Room,living_Room,15.48,37.45,991.96
2025-06-16T16:54:50.507698,sensor_kitchen,kitchen,17.54,32.77,852
2025-06-16T16:54:50.508617,sensor_bedroom,bedroom,27.65,42.11,565.42
2025-06-16T16:54:50.509621,sensor_garage,garage,27.66,43.85,702.04
2025-06-16T16:55:10.510966,sensor_living_Room,living_Room,16.8,53.92,715.75
2025-06-16T16:55:10.512455,sensor_kitchen,kitchen,19.3,67.08,636.64
2025-06-16T16:55:10.513459,sensor_bedroom,bedroom,27.92,58.57,565.05
2025-06-16T16:55:10.514461,sensor_garage,garage,28.21,58.98,488.34
2025-06-16T16:55:30.515995,sensor_living_Room,living_Room,16.22,51.63,978.2
2025-06-16T16:55:30.516506,sensor_kitchen,kitchen,17.55,31.99,849.22
2025-06-16T16:55:30.516506,sensor_bedroom,bedroom,19.69,49.79,681.08
2025-06-16T16:55:30.516506,sensor_garage,garage,19.69,64.07,906.37
2025-06-16T16:55:50.517966,sensor_living_Room,living_Room,26.25,67.61,952.52
2025-06-16T16:55:50.518537,sensor_kitchen,kitchen,21.29,69.3,930.29
2025-06-16T16:55:50.518537,sensor_bedroom,bedroom,21.33,63.24,662.62
2025-06-16T16:55:50.519552,sensor_garage,garage,20.84,59.35,430.15
2025-06-16T16:56:10.520253,sensor_living_Room,living_Room,20.59,43.95,656.78
2025-06-16T16:56:10.520763,sensor_kitchen,kitchen,24.17,36.41,756.84
2025-06-16T16:56:10.520763,sensor_bedroom,bedroom,15.17,42.83,880.93
2025-06-16T16:56:10.521782,sensor_garage,garage,29.14,33.32,619.84
2025-06-16T16:56:30.522537,sensor_living_Room,living_Room,24.45,63.95,929.23
2025-06-16T16:56:30.523904,sensor_kitchen,kitchen,19.2,31.24,487.83
2025-06-16T16:56:30.525315,sensor_bedroom,bedroom,18.85,43.39,992.92
2025-06-16T16:56:30.526416,sensor_garage,garage,16.43,38.82,630.75
2025-06-16T16:56:50.530724,sensor_living_Room,living_Room,21.16,31.17,984.11
2025-06-16T16:56:50.531753,sensor_kitchen,kitchen,19.11,69.51,491.08
2025-06-16T16:56:50.532751,sensor_bedroom,bedroom,24.44,32.42,908.94
2025-06-16T16:56:50.533760,sensor_garage,garage,29.61,68.23,651.56
2025-06-16T16:57:10.534774,sensor_living_Room,living_Room,17.35,48.38,951.78
2025-06-16T16:57:10.536854,sensor_kitchen,kitchen,23.65,53.07,884.56
2025-06-16T16:57:10.537996,sensor_bedroom,bedroom,21.55,36.84,733.6
2025-06-16T16:57:10.539994,sensor_garage,garage,15.56,44.37,715.38
2025-06-16T16:57:30.542794,sensor_living_Room,living_Room,19.47,69.06,818.43
2025-06-16T16:57:30.542794,sensor_kitchen,kitchen,29.33,40.94,871.53
2025-06-16T16:57:30.543299,sensor_bedroom,bedroom,17.76,45.25,522.97
2025-06-16T16:57:30.543299,sensor_garage,garage,18.7,42.31,784.94
2025-06-16T16:57:50.544266,sensor_living_Room,living_Room,20.44,65.52,455.38
2025-06-16T16:57:50.545918,sensor_kitchen,kitchen,15.62,59.93,775.33
2025-06-16T16:57:50.546917,sensor_bedroom,bedroom,16.64,47.01,787.76
2025-06-16T16:57:50.547917,sensor_garage,garage,23.48,52.32,528.24
2025-06-16T16:58:10.549390,sensor_living_Room,living_Room,29.95,61.87,978.83
2025-06-16T16:58:10.550492,sensor_kitchen,kitchen,21.21,37.4,822.81
2025-06-16T16:58:10.551430,sensor_bedroom,bedroom,19.66,69.21,563.99
2025-06-16T16:58:10.552794,sensor_garage,garage,29.36,54.23,610.29
2025-06-16T16:58:30.554205,sensor_living_Room,living_Room,21.47,50.86,838.9
2025-06-16T16:58:30.554205,sensor_kitchen,kitchen,22.24,63.36,752.23
2025-06-16T16:58:30.555221,sensor_bedroom,bedroom,16.33,30.23,548.62
2025-06-16T16:58:30.555221,sensor_garage,garage,22.67,65.95,953.25
2025-06-16T16:58:50.556814,sensor_living_Room,living_Room,16.18,38.97,760.45
2025-06-16T16:58:50.557416,sensor_kitchen,kitchen,20.93,36.25,939.51
2025-06-16T16:58:50.559444,sensor_bedroom,bedroom,24.04,49.36,845.55
2025-06-16T16:58:50.560443,sensor_garage,garage,27.89,57.32,853.2
2025-06-16T16:59:10.562060,sensor_living_Room,living_Room,21.82,67,594.34
2025-06-16T16:59:10.562060,sensor_kitchen,kitchen,26.34,67.7,509.97
2025-06-16T16:59:10.563242,sensor_bedroom,bedroom,26.29,57.57,666.43
2025-06-16T16:59:10.564245,sensor_garage,garage,17.2,51.39,875.67
2025-06-16T16:59:30.565330,sensor_living_Room,living_Room,19.76,41.28,982.79
2025-06-16T16:59:30.566430,sensor_kitchen,kitchen,23.63,35.3,614.43
2025-06-16T16:59:30.567368,sensor_bedroom,bedroom,20.57,68.63,751.27
2025-06-16T16:59:30.568364,sensor_garage,garage,21.59,47.55,778.87
2025-06-16T16:59:50.570146,sensor_living_Room,living_Room,29.34,32.75,567.8
2025-06-16T16:59:50.570747,sensor_kitchen,kitchen,29.98,39.36,609.89
2025-06-16T16:59:50.571800,sensor_bedroom,bedroom,21.37,37.96,990.24
2025-06-16T16:59:50.573773,sensor_garage,garage,26.45,31.88,544.79
2025-06-16T17:00:10.576007,sensor_living_Room,living_Room,25.76,47.75,411.66
2025-06-16T17:00:10.576583,sensor_kitchen,kitchen,29.6,69.6,985.57
2025-06-16T17:00:10.576583,sensor_bedroom,bedroom,19.75,32.94,934.11
2025-06-16T17:00:10.577605,sensor_garage,garage,27.91,45.33,421.77
2025-06-16T17:00:30.578374,sensor_living_Room,living_Room,17.83,38.22,619.49
2025-06-16T17:00:30.578374,sensor_kitchen,kitchen,15.21,40.82,668.67
2025-06-16T17:00:30.578374,sensor_bedroom,bedroom,22.5,58.69,683.69
2025-06-16T17:00:30.579387,sensor_garage,garage,22.43,64.02,981.68
2025-06-16T17:00:50.580517,sensor_living_Room,living_Room,17.7,68.96,857.7
2025-06-16T17:00:50.581557,sensor_kitchen,kitchen,18.93,37.49,790.73
2025-06-16T17:00:50.584631,sensor_bedroom,bedroom,18.85,33.02,533.36
2025-06-16T17:00:50.585780,sensor_garage,garage,23,30.24,418.51
2025-06-16T17:01:10.589076,sensor_living_Room,living_Room,17.14,52.33,429.24
2025-06-16T17:01:10.590191,sensor_kitchen,kitchen,28.54,60.89,405.27
2025-06-16T17:01:10.592145,sensor_bedroom,bedroom,25.63,33.27,869.76
2025-06-16T17:01:10.593132,sensor_garage,garage,26.96,33.75,930.46
2025-06-16T17:01:30.595140,sensor_living_Room,living_Room,23.85,62.19,487.43
2025-06-16T17:01:30.596244,sensor_kitchen,kitchen,18.42,39.77,816.9
2025-06-16T17:01:30.598219,sensor_bedroom,bedroom,29.52,58.02,706.52
2025-06-16T17:01:30.599217,sensor_garage,garage,18.02,39.76,750.32
2025-06-16T17:01:50.600574,sensor_living_Room,living_Room,26.63,67.33,425.86
2025-06-16T17:01:50.600574,sensor_kitchen,kitchen,24.21,55.25,720.8
2025-06-16T17:01:50.601608,sensor_bedroom,bedroom,28.12,41.84,705.34
2025-06-16T17:01:50.601608,sensor_garage,garage,19.55,58.86,677.77
2025-06-16T17:02:10.603301,sensor_living_Room,living_Room,27.49,47.55,743.43
2025-06-16T17:02:10.604868,sensor_kitchen,kitchen,26.94,30.52,828.28
2025-06-16T17:02:10.605859,sensor_bedroom,bedroom,21.4,43.18,722.59
2025-06-16T17:02:10.606861,sensor_garage,garage,16.2,40.04,802.77
2025-06-16T17:02:30.608321,sensor_living_Room,living_Room,15.2,58.94,415.26
2025-06-16T17:02:30.608321,sensor_kitchen,kitchen,22.19,66.49,955.03
2025-06-16T17:02:30.608321,sensor_bedroom,bedroom,26.74,42.14,990.31
2025-06-16T17:02:30.608321,sensor_garage,garage,29.48,59.53,489.55
2025-06-16T17:02:50.609638,sensor_living_Room,living_Room,23.85,46.17,789.61
2025-06-16T17:02:50.610287,sensor_kitchen,kitchen,19.57,64.75,923.91
2025-06-16T17:02:50.611335,sensor_bedroom,bedroom,22.09,55.73,931.16
2025-06-16T17:02:50.613315,sensor_garage,garage,24.24,57.2,645.29
2025-06-16T17:03:10.614998,sensor_living_Room,living_Room,15.54,50.84,978.68
2025-06-16T17:03:10.615520,sensor_kitchen,kitchen,29.9,58.28,804.8
2025-06-16T17:03:10.617608,sensor_bedroom,bedroom,26.52,59.29,629.3
2025-06-16T17:03:10.618602,sensor_garage,garage,16.29,68.77,942.17
2025-06-16T17:03:30.619894,sensor_living_Room,living_Room,15.62,63.5,754.98
2025-06-16T17:03:30.621443,sensor_kitchen,kitchen,29.33,60.33,977.87
2025-06-16T17:03:30.622450,sensor_bedroom,bedroom,17.85,54.86,701.2
2025-06-16T17:03:30.623442,sensor_garage,garage,27.27,36.63,715.85
2025-06-16T17:03:50.624844,sensor_living_Room,living_Room,16.1,42.01,792.35
2025-06-16T17:03:50.625899,sensor_kitchen,kitchen,29.82,47.14,850.94
2025-06-16T17:03:50.626875,sensor_bedroom,bedroom,22.74,37.43,726.68
2025-06-16T17:03:50.627878,sensor_garage,garage,28.44,60.05,805.69
2025-06-16T17:04:10.631531,sensor_living_Room,living_Room,29.34,60.01,816.34
2025-06-16T17:04:10.631531,sensor_kitchen,kitchen,27.09,64.17,999.96
2025-06-16T17:04:10.632553,sensor_bedroom,bedroom,16.52,46.38,438.26
2025-06-16T17:04:10.633553,sensor_garage,garage,21.85,32.19,417.22
2025-06-16T17:26:04.652043,sensor_living_Room,living_Room,26.19,30.85,567.05
2025-06-16T17:26:04.652043,sensor_kitchen,kitchen,16.14,67.28,817.18
2025-06-16T17:26:04.653140,sensor_bedroom,bedroom,21.56,32.09,817.04
2025-06-16T17:26:04.653140,sensor_garage,garage,22.36,54.71,740.27
2025-06-16T17:26:24.654427,sensor_living_Room,living_Room,28.78,49.08,880.81
2025-06-16T17:26:24.655492,sensor_kitchen,kitchen,27.6,44.83,446.64
2025-06-16T17:26:24.656476,sensor_bedroom,bedroom,29.75,37.14,585.81
2025-06-16T17:26:24.657475,sensor_garage,garage,29.94,54.36,409.07
2025-06-16T17:26:44.659104,sensor_living_Room,living_Room,23.59,33.24,426.93
2025-06-16T17:26:44.659707,sensor_kitchen,kitchen,16.15,31.71,539.85
2025-06-16T17:26:44.660807,sensor_bedroom,bedroom,15.64,31.49,482.64
2025-06-16T17:26:44.661762,sensor_garage,garage,19.16,41.76,506.72
2025-06-16T17:27:04.664060,sensor_living_Room,living_Room,18.49,44.98,485.84
2025-06-16T17:27:04.665164,sensor_kitchen,kitchen,15.28,54.73,801.37
2025-06-16T17:27:04.666164,sensor_bedroom,bedroom,20.13,46.39,449.61
2025-06-16T17:27:04.667104,sensor_garage,garage,22.94,57.96,481.02
2025-06-16T17:27:24.669108,sensor_living_Room,living_Room,17.48,64.45,751.23
2025-06-16T17:27:24.669706,sensor_kitchen,kitchen,22.96,63.56,455.84
2025-06-16T17:27:24.670731,sensor_bedroom,bedroom,21.65,37.88,448.16
2025-06-16T17:27:24.671894,sensor_garage,garage,26.32,66.57,728.6
2025-06-16T17:27:44.674104,sensor_living_Room,living_Room,25.96,48.59,582.71
2025-06-16T17:27:44.675136,sensor_kitchen,kitchen,17.48,34.6,655.29
2025-06-16T17:27:44.676160,sensor_bedroom,bedroom,19.73,58.02,633.85
2025-06-16T17:27:44.677162,sensor_garage,garage,25.03,47.24,572.06
2025-06-16T17:28:04.678632,sensor_living_Room,living_Room,19,61.07,622.34
2025-06-16T17:28:04.680263,sensor_kitchen,kitchen,16.91,58.42,606.24
2025-06-16T17:28:04.681285,sensor_bedroom,bedroom,21.79,32.31,714.82
2025-06-16T17:28:04.682261,sensor_garage,garage,26.23,35.64,522.24
2025-06-16T17:28:24.684227,sensor_living_Room,living_Room,19.13,54.06,555.75
2025-06-16T17:28:24.685287,sensor_kitchen,kitchen,26.4,39.14,947.69
2025-06-16T17:28:24.686258,sensor_bedroom,bedroom,19.19,66.13,645.12
2025-06-16T17:28:24.687261,sensor_garage,garage,19.5,42.06,940.61
2025-06-16T17:28:44.689527,sensor_living_Room,living_Room,22.57,42.17,501.71
2025-06-16T17:28:44.690578,sensor_kitchen,kitchen,25.36,59.17,469.7
2025-06-16T17:28:44.691560,sensor_bedroom,bedroom,28.03,55.47,593.08
2025-06-16T17:28:44.692580,sensor_garage,garage,19.92,34.71,649.46
2025-06-16T17:29:04.693790,sensor_living_Room,living_Room,23.29,44.46,917.82
2025-06-16T17:29:04.693790,sensor_kitchen,kitchen,27.75,49.07,724.02
2025-06-16T17:29:04.694806,sensor_bedroom,bedroom,28.24,58.46,934.61
2025-06-16T17:29:04.695114,sensor_garage,garage,25.54,57.21,779.35
2025-06-16T17:29:24.696225,sensor_living_Room,living_Room,21.32,63.7,574.49
2025-06-16T17:29:24.697260,sensor_kitchen,kitchen,20.72,30.58,571.62
2025-06-16T17:29:24.697260,sensor_bedroom,bedroom,19.49,32.28,477.76
2025-06-16T17:29:24.698504,sensor_garage,garage,23.77,34.54,528.82
2025-06-16T17:29:44.700869,sensor_living_Room,living_Room,22.48,69.55,750.43
2025-06-16T17:29:44.701963,sensor_kitchen,kitchen,22.79,36.45,733.67
2025-06-16T17:29:44.702934,sensor_bedroom,bedroom,27.62,36.03,410.94
2025-06-16T17:29:44.702934,sensor_garage,garage,23.55,35.96,489.93
2025-06-16T17:30:04.705614,sensor_living_Room,living_Room,21.06,37.67,686.8
2025-06-16T17:30:04.706724,sensor_kitchen,kitchen,27.2,56.43,933.59
2025-06-16T17:30:04.707669,sensor_bedroom,bedroom,29.13,37.92,778.35
2025-06-16T17:30:04.707669,sensor_garage,garage,23.59,65.14,904.66
2025-06-16T17:30:24.709678,sensor_living_Room,living_Room,22.69,62.63,693.7
2025-06-16T17:30:24.710284,sensor_kitchen,kitchen,18.02,46.69,914.15
2025-06-16T17:30:24.711314,sensor_bedroom,bedroom,22.54,56.57,448.66
2025-06-16T17:30:24.712387,sensor_garage,garage,15.15,32.13,818.47
2025-06-16T17:30:44.714054,sensor_living_Room,living_Room,18.99,33.14,782.21
2025-06-16T17:30:44.714567,sensor_kitchen,kitchen,21.47,42.95,979.22
2025-06-16T17:30:44.714567,sensor_bedroom,bedroom,27.32,57.02,813.17
2025-06-16T17:30:44.715598,sensor_garage,garage,21.77,50.94,959.22
2025-06-16T17:31:04.716769,sensor_living_Room,living_Room,17.54,67.56,789.94
2025-06-16T17:31:04.717833,sensor_kitchen,kitchen,29.78,62.56,882.49
2025-06-16T17:31:04.718834,sensor_bedroom,bedroom,15.07,34.43,819.22
2025-06-16T17:31:04.719838,sensor_garage,garage,23.78,68.91,491.05
2025-06-16T17:31:24.721434,sensor_living_Room,living_Room,27.41,34.36,424.98
2025-06-16T17:31:24.721434,sensor_kitchen,kitchen,26.26,35.75,719.2
2025-06-16T17:31:24.721434,sensor_bedroom,bedroom,26.78,65.49,697.86
2025-06-16T17:31:24.721434,sensor_garage,garage,18.62,65.58,599.63
2025-06-16T17:31:44.723527,sensor_living_Room,living_Room,24.82,30.58,869.84
2025-06-16T17:31:44.724552,sensor_kitchen,kitchen,19.73,51.34,628.65
2025-06-16T17:31:44.724552,sensor_bedroom,bedroom,26.12,69.08,732.85
2025-06-16T17:31:44.726058,sensor_garage,garage,18.9,40.73,915.09
2025-06-16T17:32:04.727370,sensor_living_Room,living_Room,29.98,46.39,780.98
2025-06-16T17:32:04.727370,sensor_kitchen,kitchen,24.59,47.37,912.25
2025-06-16T17:32:04.728435,sensor_bedroom,bedroom,29.1,67.65,832.81
2025-06-16T17:32:04.728435,sensor_garage,garage,17.59,36.47,635.39
2025-06-16T17:32:24.730121,sensor_living_Room,living_Room,22.74,44.78,957.23
2025-06-16T17:32:24.730121,sensor_kitchen,kitchen,29.88,56.42,832.83
2025-06-16T17:32:24.731168,sensor_bedroom,bedroom,26.47,40.7,927.62
2025-06-16T17:32:24.731168,sensor_garage,garage,20.72,66.25,855.63
2025-06-16T17:32:44.733185,sensor_living_Room,living_Room,28.78,43.26,633.08
2025-06-16T17:32:44.734297,sensor_kitchen,kitchen,15.07,35.28,779.84
2025-06-16T17:32:44.736219,sensor_bedroom,bedroom,18.69,42.32,844.98
2025-06-16T17:32:44.737531,sensor_garage,garage,26.03,48.89,797.72
2025-06-16T17:33:04.739829,sensor_living_Room,living_Room,20.58,31.71,999.45
2025-06-16T17:33:04.740879,sensor_kitchen,kitchen,24.25,43.11,533.94
2025-06-16T17:33:04.741857,sensor_bedroom,bedroom,23.63,65.72,900.33
2025-06-16T17:33:04.742853,sensor_garage,garage,24.78,31.42,860.04
2025-06-16T17:33:24.744226,sensor_living_Room,living_Room,17.43,57.62,700.71
2025-06-16T17:33:24.744740,sensor_kitchen,kitchen,27.03,35.78,625.21
2025-06-16T17:33:24.745761,sensor_bedroom,bedroom,29.18,30.37,609
2025-06-16T17:33:24.745761,sensor_garage,garage,22.48,41.44,629.55
2025-06-16T17:33:44.748178,sensor_living_Room,living_Room,21.84,58.49,513.41
2025-06-16T17:33:44.748178,sensor_kitchen,kitchen,20.5,32.32,648.82
2025-06-16T17:33:44.749198,sensor_bedroom,bedroom,21.19,42.85,876.79
2025-06-16T17:33:44.749198,sensor_garage,garage,24.51,50.97,909.62
2025-06-16T17:34:04.750781,sensor_living_Room,living_Room,28.44,39.61,655.62
2025-06-16T17:34:04.751806,sensor_kitchen,kitchen,27.01,60.85,862.06
2025-06-16T17:34:04.752809,sensor_bedroom,bedroom,17.28,65.27,743.15
2025-06-16T17:34:04.754063,sensor_garage,garage,21.87,49.85,674.1
2025-06-16T17:34:24.755794,sensor_living_Room,living_Room,28.53,37.52,904.45
2025-06-16T17:34:24.756858,sensor_kitchen,kitchen,24.83,54.14,467.59
2025-06-16T17:34:24.757850,sensor_bedroom,bedroom,19.95,61.29,592.63
2025-06-16T17:34:24.758882,sensor_garage,garage,20.52,66.49,904.65
2025-06-16T17:34:44.760581,sensor_living_Room,living_Room,23.45,40.04,482.34
2025-06-16T17:34:44.761094,sensor_kitchen,kitchen,21.56,35.69,863.6
2025-06-16T17:34:44.761094,sensor_bedroom,bedroom,22.99,38.82,523.81
2025-06-16T17:34:44.761094,sensor_garage,garage,24.27,53.5,770.51
2025-06-16T17:35:04.762162,sensor_living_Room,living_Room,21.66,35.67,911.49
2025-06-16T17:35:04.762162,sensor_kitchen,kitchen,24.3,63.11,666.85
2025-06-16T17:35:04.762162,sensor_bedroom,bedroom,28.57,58.04,863.56
2025-06-16T17:35:04.762162,sensor_garage,garage,22.8,55.73,596.67
2025-06-16T17:35:24.763683,sensor_living_Room,living_Room,18.61,35.64,871.56
2025-06-16T17:35:24.765271,sensor_kitchen,kitchen,23.01,46.48,743.33
2025-06-16T17:35:24.766243,sensor_bedroom,bedroom,16.53,67.36,796.48
2025-06-16T17:35:24.767564,sensor_garage,garage,23.64,69.63,843.59
2025-06-16T17:35:44.770137,sensor_living_Room,living_Room,28.94,55.47,445.72
2025-06-16T17:35:44.770737,sensor_kitchen,kitchen,28.49,50.31,904.3
2025-06-16T17:35:44.771766,sensor_bedroom,bedroom,28.03,40.69,787.19
2025-06-16T17:35:44.773221,sensor_garage,garage,16.02,37.83,904.16
2025-06-16T17:36:04.774088,sensor_living_Room,living_Room,24.24,47.57,940.38
2025-06-16T17:36:04.775193,sensor_kitchen,kitchen,20.14,39.83,597.93
2025-06-16T17:36:04.776158,sensor_bedroom,bedroom,18.48,42.27,447.64
2025-06-16T17:36:04.777149,sensor_garage,garage,28.89,34.11,621.84
2025-06-16T17:36:24.779075,sensor_living_Room,living_Room,29.61,63.67,639.45
2025-06-16T17:36:24.780134,sensor_kitchen,kitchen,16.65,43.47,449.08
2025-06-16T17:36:24.781133,sensor_bedroom,bedroom,26.93,47.18,514.77
2025-06-16T17:36:24.782120,sensor_garage,garage,25.59,65.84,795.25
2025-06-16T17:36:44.784380,sensor_living_Room,living_Room,29.38,45.72,815.21
2025-06-16T17:36:44.785452,sensor_kitchen,kitchen,22.42,39.07,725.14
2025-06-16T17:36:44.786413,sensor_bedroom,bedroom,25.63,69.87,946.96
2025-06-16T17:36:44.787419,sensor_garage,garage,22.62,62.76,577.86
2025-06-16T17:37:04.789358,sensor_living_Room,living_Room,24.57,60.45,789.39
2025-06-16T17:37:04.790454,sensor_kitchen,kitchen,15.64,48.21,478.28
2025-06-16T17:37:04.791434,sensor_bedroom,bedroom,17.79,58.91,765.59
2025-06-16T17:37:04.792458,sensor_garage,garage,18,52.54,989.56
2025-06-16T17:37:24.794299,sensor_living_Room,living_Room,17.56,38.62,598.83
2025-06-16T17:37:24.794900,sensor_kitchen,kitchen,27.44,31.01,714.77
2025-06-16T17:37:24.795958,sensor_bedroom,bedroom,25.9,43.71,665.77
2025-06-16T17:37:24.796929,sensor_garage,garage,25.36,56.66,891.76
2025-06-16T17:37:44.799298,sensor_living_Room,living_Room,26.98,47.73,910.99
2025-06-16T17:37:44.800419,sensor_kitchen,kitchen,26.48,51.09,423.91
2025-06-16T17:37:44.801330,sensor_bedroom,bedroom,19.15,43.67,637.79
2025-06-16T17:37:44.802343,sensor_garage,garage,23.24,55.3,832.45
2025-06-16T17:38:04.803847,sensor_living_Room,living_Room,26.13,49.19,559.95
2025-06-16T17:38:04.804444,sensor_kitchen,kitchen,16.2,36.82,736.62
2025-06-16T17:38:04.806494,sensor_bedroom,bedroom,25.79,35.46,982.43
2025-06-16T17:38:04.806494,sensor_garage,garage,29.33,46.63,902.47
2025-06-16T17:38:24.808851,sensor_living_Room,living_Room,15.91,34.26,596.66
2025-06-16T17:38:24.808851,sensor_kitchen,kitchen,24.96,35.04,869.45
2025-06-16T17:38:24.810127,sensor_bedroom,bedroom,23.75,32.67,980.29
2025-06-16T17:38:24.811134,sensor_garage,garage,18.95,40.49,569.11
2025-06-16T17:38:44.813053,sensor_living_Room,living_Room,26.71,33.69,572.83
2025-06-16T17:38:44.814174,sensor_kitchen,kitchen,29.79,68.82,479.57
2025-06-16T17:38:44.816095,sensor_bedroom,bedroom,17.27,49.13,757.11
2025-06-16T17:38:44.816095,sensor_garage,garage,26.14,38.46,728.87
2025-06-16T17:39:04.818448,sensor_living_Room,living_Room,23.23,50.89,651.49
2025-06-16T17:39:04.819471,sensor_kitchen,kitchen,19.42,66.2,800.86
2025-06-16T17:39:04.820505,sensor_bedroom,bedroom,29.7,44.46,943.04
2025-06-16T17:39:04.821501,sensor_garage,garage,24.25,31.16,652.35
2025-06-16T17:39:24.823453,sensor_living_Room,living_Room,16.49,43.89,698.43
2025-06-16T17:39:24.824521,sensor_kitchen,kitchen,17.49,63.77,696.12
2025-06-16T17:39:24.825490,sensor_bedroom,bedroom,16.68,57.92,522.93
2025-06-16T17:39:24.826510,sensor_garage,garage,28.82,60.53,872.88
2025-06-16T17:39:44.828208,sensor_living_Room,living_Room,20.63,34.7,429.93
2025-06-16T17:39:44.829239,sensor_kitchen,kitchen,18.42,43.82,746.1
2025-06-16T17:39:44.830258,sensor_bedroom,bedroom,27.6,33.28,623.36
2025-06-16T17:39:44.831241,sensor_garage,garage,28.04,38.85,449.27
2025-06-16T17:40:04.832628,sensor_living_Room,living_Room,16.98,56.27,425.93
2025-06-16T17:40:04.833195,sensor_kitchen,kitchen,17.76,50.32,952.52
2025-06-16T17:40:04.833195,sensor_bedroom,bedroom,20.21,67.34,439.25
2025-06-16T17:40:04.834213,sensor_garage,garage,29.59,63.57,625.05
2025-06-16T17:40:24.836056,sensor_living_Room,living_Room,27.71,67.91,620.82
2025-06-16T17:40:24.837119,sensor_kitchen,kitchen,15.69,67.37,748.34
2025-06-16T17:40:24.838108,sensor_bedroom,bedroom,23.79,60.91,981.92
2025-06-16T17:40:24.839109,sensor_garage,garage,18.52,55.07,789.62
2025-06-16T17:40:44.841071,sensor_living_Room,living_Room,27.16,38.96,576.15
2025-06-16T17:40:44.842125,sensor_kitchen,kitchen,28.24,63.01,717.23
2025-06-16T17:40:44.843158,sensor_bedroom,bedroom,18.81,46.24,779.69
2025-06-16T17:40:44.844099,sensor_garage,garage,29.59,47.07,874.39
2025-06-16T17:41:04.845219,sensor_living_Room,living_Room,28.95,43.45,582.92
2025-06-16T17:41:04.845739,sensor_kitchen,kitchen,15.76,64.06,686.24
2025-06-16T17:41:04.847771,sensor_bedroom,bedroom,23.36,40.34,676.39
2025-06-16T17:41:04.847771,sensor_garage,garage,19.67,69.77,814.03
2025-06-16T17:41:24.849867,sensor_living_Room,living_Room,21.46,45.39,738.05
2025-06-16T17:41:24.850893,sensor_kitchen,kitchen,25.82,49.67,966.21
2025-06-16T17:41:24.851898,sensor_bedroom,bedroom,25.93,36.32,561.94
2025-06-16T17:41:24.852899,sensor_garage,garage,20.71,41,818.9
2025-06-16T17:41:44.854326,sensor_living_Room,living_Room,23.9,43,601.25
2025-06-16T17:41:44.854326,sensor_kitchen,kitchen,16.73,54.6,558.58
2025-06-16T17:41:44.855349,sensor_bedroom,bedroom,16.19,66.84,923.75
2025-06-16T17:41:44.855349,sensor_garage,garage,20.94,39.61,983.88
2025-06-16T17:42:04.856865,sensor_living_Room,living_Room,19.63,37.5,603.2
2025-06-16T17:42:04.858935,sensor_kitchen,kitchen,28.3,69.96,726.51
2025-06-16T17:42:04.858935,sensor_bedroom,bedroom,28.19,36.92,910.84
2025-06-16T17:42:04.860337,sensor_garage,garage,25.93,57.86,526.68
2025-06-16T17:42:24.862791,sensor_living_Room,living_Room,20.93,60.28,432.86
2025-06-16T17:42:24.863851,sensor_kitchen,kitchen,19.36,61.96,746.8
2025-06-16T17:42:24.865252,sensor_bedroom,bedroom,28.07,68.98,878.58
2025-06-16T17:42:24.865252,sensor_garage,garage,23.46,37.1,983.02
2025-06-16T17:42:44.867505,sensor_living_Room,living_Room,18.91,30.74,971.69
2025-06-16T17:42:44.868542,sensor_kitchen,kitchen,22.93,53.53,930.69
2025-06-16T17:42:44.869534,sensor_bedroom,bedroom,29.51,51.3,933.46
2025-06-16T17:42:44.870544,sensor_garage,garage,22.8,39.65,665.45
2025-06-16T17:43:04.872125,sensor_living_Room,living_Room,27.91,63.09,612.07
2025-06-16T17:43:04.873256,sensor_kitchen,kitchen,20.16,58.68,591.31
2025-06-16T17:43:04.874191,sensor_bedroom,bedroom,27.26,36.44,635.33
2025-06-16T17:43:04.875193,sensor_garage,garage,23.41,32.42,720.1
2025-06-16T17:43:24.876200,sensor_living_Room,living_Room,22.24,54.39,690.52
2025-06-16T17:43:24.877237,sensor_kitchen,kitchen,22.1,66.2,429.4
2025-06-16T17:43:24.877237,sensor_bedroom,bedroom,17.12,33.18,736.65
2025-06-16T17:43:24.878226,sensor_garage,garage,27.77,41.7,559.77
2025-06-16T17:43:44.880264,sensor_living_Room,living_Room,15.04,55.97,997.44
2025-06-16T17:43:44.880776,sensor_kitchen,kitchen,21.65,39.96,803.23
2025-06-16T17:43:44.880776,sensor_bedroom,bedroom,26.74,55.16,935.6
2025-06-16T17:43:44.881796,sensor_garage,garage,20.24,54.85,423.29
2025-06-16T17:44:04.883656,sensor_living_Room,living_Room,18.42,35.76,558.48
2025-06-16T17:44:04.885696,sensor_kitchen,kitchen,16.6,42.31,735.86
2025-06-16T17:44:04.886696,sensor_bedroom,bedroom,15.26,55.94,718.99
2025-06-16T17:44:04.886696,sensor_garage,garage,17.3,69.07,979.06
2025-06-16T17:44:24.888584,sensor_living_Room,living_Room,16.41,44.1,491.13
2025-06-16T17:44:24.889185,sensor_kitchen,kitchen,26.88,32.2,733.92
2025-06-16T17:44:24.890339,sensor_bedroom,bedroom,18.56,48.01,584.54
2025-06-16T17:44:24.891354,sensor_garage,garage,29.07,31.94,417.24
2025-06-16T17:44:44.893613,sensor_living_Room,living_Room,28.85,47.3,672.71
2025-06-16T17:44:44.894139,sensor_kitchen,kitchen,15.51,44.42,964.6
2025-06-16T17:44:44.895180,sensor_bedroom,bedroom,24.74,68.14,926.69
2025-06-16T17:44:44.896199,sensor_garage,garage,24.18,57.64,842.78
2025-06-16T17:45:04.898069,sensor_living_Room,living_Room,16.34,36.38,548.49
2025-06-16T17:45:04.899127,sensor_kitchen,kitchen,28.31,42.65,799
2025-06-16T17:45:04.900110,sensor_bedroom,bedroom,20.54,57.09,973.78
2025-06-16T17:45:04.901106,sensor_garage,garage,17.64,39.64,922.21
2025-06-16T17:45:24.902408,sensor_living_Room,living_Room,24.34,49.09,787.95
2025-06-16T17:45:24.902408,sensor_kitchen,kitchen,22.01,63.61,931.29
2025-06-16T17:45:24.903430,sensor_bedroom,bedroom,15.47,68.41,610.81
2025-06-16T17:45:24.904428,sensor_garage,garage,28.14,51.6,458.81
2025-06-16T17:45:44.905555,sensor_living_Room,living_Room,29.51,60.48,807.84
2025-06-16T17:45:44.905555,sensor_kitchen,kitchen,21.23,58.81,521.91
2025-06-16T17:45:44.908178,sensor_bedroom,bedroom,17.38,42.74,869.79
2025-06-16T17:45:44.908178,sensor_garage,garage,22,53.29,817.94
2025-06-16T17:46:04.909899,sensor_living_Room,living_Room,20.93,35.08,915.99
2025-06-16T17:46:04.909899,sensor_kitchen,kitchen,23.84,48.29,649.62
2025-06-16T17:46:04.910914,sensor_bedroom,bedroom,22.84,39.67,608.49
2025-06-16T17:46:04.910914,sensor_garage,garage,17.24,47.13,458.47
2025-06-16T20:43:19.915792,sensor_living_Room,living_Room,25.24,38.4,787.43
2025-06-16T20:43:19.915792,sensor_kitchen,kitchen,16.1,53.78,786.11
2025-06-16T20:43:19.915792,sensor_bedroom,bedroom,16.6,60.39,608.21
2025-06-16T20:43:19.916787,sensor_garage,garage,20.77,56.8,867.26
2025-06-16T20:43:39.917829,sensor_living_Room,living_Room,21.31,62.74,972.83
2025-06-16T20:43:39.918916,sensor_kitchen,kitchen,24.38,35.95,673.91
2025-06-16T20:43:39.919895,sensor_bedroom,bedroom,17.98,52.04,531.1
2025-06-16T20:43:39.920886,sensor_garage,garage,18.44,32.13,584.86
2025-06-16T20:43:59.922746,sensor_living_Room,living_Room,17.97,54.55,747.69
2025-06-16T20:43:59.923816,sensor_kitchen,kitchen,21.38,38.82,601.42
2025-06-16T20:43:59.924855,sensor_bedroom,bedroom,15.1,66.53,753.48
2025-06-16T20:43:59.926778,sensor_garage,garage,16.21,56.08,573.16
2025-06-16T20:44:19.928263,sensor_living_Room,living_Room,29.53,60.57,809.56
2025-06-16T20:44:19.929324,sensor_kitchen,kitchen,26.47,65.74,683.69
2025-06-16T20:44:19.930295,sensor_bedroom,bedroom,16.28,53.47,455.18
2025-06-16T20:44:19.931298,sensor_garage,garage,25.73,50.09,580.57
2025-06-16T20:44:39.932604,sensor_living_Room,living_Room,15.14,55.91,661.39
2025-06-16T20:44:39.932604,sensor_kitchen,kitchen,29.08,58.21,587.54
2025-06-16T20:44:39.933640,sensor_bedroom,bedroom,27.99,52.13,955.2
2025-06-16T20:44:39.934634,sensor_garage,garage,20.62,65.03,843.56
2025-06-16T20:44:59.935676,sensor_living_Room,living_Room,28.53,32.54,980.68
2025-06-16T20:44:59.936312,sensor_kitchen,kitchen,25.33,60.05,710.92
2025-06-16T20:44:59.937358,sensor_bedroom,bedroom,22.31,35.48,741.31
2025-06-16T20:44:59.938364,sensor_garage,garage,24.03,38.67,503.3
2025-06-16T20:45:19.939948,sensor_living_Room,living_Room,23.68,38.1,956.77
2025-06-16T20:45:19.939948,sensor_kitchen,kitchen,21.96,38.05,405.32
2025-06-16T20:45:19.940960,sensor_bedroom,bedroom,29.27,39.01,728.55
2025-06-16T20:45:19.940960,sensor_garage,garage,19.44,54.54,930.15
2025-06-16T20:45:39.942341,sensor_living_Room,living_Room,26.8,58.52,570.86
2025-06-16T20:45:39.942341,sensor_kitchen,kitchen,18.72,57.29,871.44
2025-06-16T20:45:39.943370,sensor_bedroom,bedroom,24.23,54.55,819.72
2025-06-16T20:45:39.943370,sensor_garage,garage,21.86,37.97,489.62
2025-06-16T20:45:59.945383,sensor_living_Room,living_Room,26.1,61.91,452.08
2025-06-16T20:45:59.946490,sensor_kitchen,kitchen,17.35,51.5,523.39
2025-06-16T20:45:59.947451,sensor_bedroom,bedroom,23.75,67.34,781.53
2025-06-16T20:45:59.947451,sensor_garage,garage,17.09,63.81,856.86
2025-06-16T20:46:19.949621,sensor_living_Room,living_Room,18.62,60.31,466.61
2025-06-16T20:46:19.950644,sensor_kitchen,kitchen,24.79,36.48,914.07
2025-06-16T20:46:19.950644,sensor_bedroom,bedroom,18.45,52.46,688.13
2025-06-16T20:46:19.952006,sensor_garage,garage,27.39,64.2,768.88
2025-06-16T20:46:39.953315,sensor_living_Room,living_Room,20.95,42.21,426.24
2025-06-16T20:46:39.953315,sensor_kitchen,kitchen,15.12,64.41,992.4
2025-06-16T20:46:39.955847,sensor_bedroom,bedroom,24.84,47.95,835.5
2025-06-16T20:46:39.956829,sensor_garage,garage,20.35,46.87,559.97
2025-06-16T20:46:59.958811,sensor_living_Room,living_Room,19.86,56.03,599.03
2025-06-16T20:46:59.960372,sensor_kitchen,kitchen,16.16,49.8,702.6
2025-06-16T20:46:59.961374,sensor_bedroom,bedroom,22.1,37.86,741.56
2025-06-16T20:46:59.962384,sensor_garage,garage,24.72,52.65,977.26
2025-06-16T20:47:19.964019,sensor_living_Room,living_Room,25.41,41.97,953.04
2025-06-16T20:47:19.965180,sensor_kitchen,kitchen,29.85,54.47,843.13
2025-06-16T20:47:19.966098,sensor_bedroom,bedroom,27.51,32.54,745.05
2025-06-16T20:47:19.968090,sensor_garage,garage,16.4,30.61,957.3
2025-06-16T20:47:39.969436,sensor_living_Room,living_Room,24.34,30.96,728.01
2025-06-16T20:47:39.970462,sensor_kitchen,kitchen,19.59,66.92,908.33
2025-06-16T20:47:39.971509,sensor_bedroom,bedroom,25.84,43.33,519.89
2025-06-16T20:47:39.972489,sensor_garage,garage,15.93,49.38,680.66
2025-06-16T20:47:59.974601,sensor_living_Room,living_Room,23.98,37.03,884.25
2025-06-16T20:47:59.975630,sensor_kitchen,kitchen,16.17,50.38,943.82
2025-06-16T20:47:59.976633,sensor_bedroom,bedroom,29.19,31.64,411.62
2025-06-16T20:47:59.980115,sensor_garage,garage,15.83,50.09,443.75
2025-06-16T20:48:19.990601,sensor_living_Room,living_Room,29.92,52.17,951.19
2025-06-16T20:48:19.991638,sensor_kitchen,kitchen,26.24,54.92,409.76
2025-06-16T20:48:19.992635,sensor_bedroom,bedroom,28.84,48.28,471.44
2025-06-16T20:48:19.992635,sensor_garage,garage,27.84,69.14,706.93
2025-06-16T20:48:39.994630,sensor_living_Room,living_Room,21.03,32.85,569.05
2025-06-16T20:48:39.995142,sensor_kitchen,kitchen,23.81,51.46,766.23
2025-06-16T20:48:39.995142,sensor_bedroom,bedroom,20.88,60.65,898.37
2025-06-16T20:48:39.996158,sensor_garage,garage,25.51,43.03,723.97
2025-06-16T20:48:59.997087,sensor_living_Room,living_Room,28.36,62.61,857.77
2025-06-16T20:48:59.998216,sensor_kitchen,kitchen,28.56,50.87,879.62
2025-06-16T20:48:59.998734,sensor_bedroom,bedroom,26.42,65.88,998.59
2025-06-16T20:48:59.999785,sensor_garage,garage,27.69,56.25,892.87
2025-06-16T20:49:20.001242,sensor_living_Room,living_Room,16.16,52.03,632.45
2025-06-16T20:49:20.002490,sensor_kitchen,kitchen,20.77,64.61,977.77
2025-06-16T20:49:20.003494,sensor_bedroom,bedroom,25.4,66.38,527.07
2025-06-16T20:49:20.004496,sensor_garage,garage,20.86,40.87,401.19
2025-06-16T20:49:40.005889,sensor_living_Room,living_Room,29.02,41.84,847.54
2025-06-16T20:49:40.005889,sensor_kitchen,kitchen,19.62,35.51,930.28
2025-06-16T20:49:40.005889,sensor_bedroom,bedroom,24.79,34.76,741.25
2025-06-16T20:49:40.005889,sensor_garage,garage,29.69,54.02,610.81
2025-06-16T20:50:00.007275,sensor_living_Room,living_Room,26.37,55.67,461.16
2025-06-16T20:50:00.008860,sensor_kitchen,kitchen,17.39,36.38,843.77
2025-06-16T20:50:00.009831,sensor_bedroom,bedroom,21.5,69.25,704.67
2025-06-16T20:50:00.010837,sensor_garage,garage,21.89,57.77,773.79
2025-06-16T20:50:20.012844,sensor_living_Room,living_Room,17.84,36.85,435.49
2025-06-16T20:50:20.013373,sensor_kitchen,kitchen,22.94,63.96,858.25
2025-06-16T20:50:20.015419,sensor_bedroom,bedroom,15.67,40.37,496.84
2025-06-16T20:50:20.015419,sensor_garage,garage,22.71,38,594.3
2025-06-16T20:50:40.017344,sensor_living_Room,living_Room,15.67,31.11,858.98
2025-06-16T20:50:40.017344,sensor_kitchen,kitchen,29.08,30.42,450.47
2025-06-16T20:50:40.018361,sensor_bedroom,bedroom,26.32,46.32,913.31
2025-06-16T20:50:40.018361,sensor_garage,garage,29.87,36.36,683.27
2025-06-16T20:55:01.660790,sensor_living_Room,living_Room,28.88,59.74,572.42
2025-06-16T20:55:01.661731,sensor_kitchen,kitchen,25.29,43.68,478.46
2025-06-16T20:55:01.661731,sensor_bedroom,bedroom,16.66,59.34,877.73
2025-06-16T20:55:01.663077,sensor_garage,garage,18.43,31.39,811.97
2025-06-16T20:55:21.664125,sensor_living_Room,living_Room,22.75,57.52,504.27
2025-06-16T20:55:21.665164,sensor_kitchen,kitchen,25.88,61.93,681.84
2025-06-16T20:55:21.666243,sensor_bedroom,bedroom,15.13,66.0,906.02
2025-06-16T20:55:21.667182,sensor_garage,garage,21.18,40.52,584.73
2025-06-16T20:55:41.669422,sensor_living_Room,living_Room,16.87,30.52,778.8
2025-06-16T20:55:41.669422,sensor_kitchen,kitchen,25.74,57.68,930.52
2025-06-16T20:55:41.670448,sensor_bedroom,bedroom,22.3,35.07,685.7
2025-06-16T20:55:41.670448,sensor_garage,garage,21.28,59.37,675.57
2025-06-16T20:56:01.672588,sensor_living_Room,living_Room,17.77,58.58,671.59
2025-06-16T20:56:01.673691,sensor_kitchen,kitchen,27.24,42.56,597.44
2025-06-16T20:56:01.674648,sensor_bedroom,bedroom,15.99,65.0,503.08
2025-06-16T20:56:01.675635,sensor_garage,garage,27.11,50.72,852.38
2025-06-16T20:56:21.677162,sensor_living_Room,living_Room,15.34,68.31,707.5
2025-06-16T20:56:21.677162,sensor_kitchen,kitchen,29.49,59.54,481.66
2025-06-16T20:56:21.677162,sensor_bedroom,bedroom,28.42,36.64,911.32
2025-06-16T20:56:21.677162,sensor_garage,garage,27.96,61.8,487.92
2025-06-16T20:56:41.678424,sensor_living_Room,living_Room,21.85,33.27,516.67
2025-06-16T20:56:41.678424,sensor_kitchen,kitchen,15.83,35.86,682.59
2025-06-16T20:56:41.678424,sensor_bedroom,bedroom,23.67,41.94,443.21
2025-06-16T20:56:41.678424,sensor_garage,garage,26.25,42.47,505.0
2025-06-16T20:57:01.679897,sensor_living_Room,living_Room,17.9,30.51,568.58
2025-06-16T20:57:01.679897,sensor_kitchen,kitchen,27.45,38.42,882.8
2025-06-16T20:57:01.680909,sensor_bedroom,bedroom,16.6,67.45,870.43
2025-06-16T20:57:01.680909,sensor_garage,garage,16.91,64.45,823.76
2025-06-16T20:57:21.681990,sensor_living_Room,living_Room,24.45,42.77,864.88
2025-06-16T20:57:21.683082,sensor_kitchen,kitchen,24.68,41.54,975.84
2025-06-16T20:57:21.684120,sensor_bedroom,bedroom,24.67,69.79,511.18
2025-06-16T20:57:21.685130,sensor_garage,garage,28.67,38.26,904.94
2025-06-16T20:57:41.686890,sensor_living_Room,living_Room,20.13,35.79,424.12
2025-06-16T20:57:41.687921,sensor_kitchen,kitchen,17.09,33.77,585.82
2025-06-16T20:57:41.688963,sensor_bedroom,bedroom,26.29,31.26,566.69
2025-06-16T20:57:41.689931,sensor_garage,garage,26.02,41.6,714.01
2025-06-16T20:58:01.692102,sensor_living_Room,living_Room,22.69,31.45,737.97
2025-06-16T20:58:01.693193,sensor_kitchen,kitchen,28.21,57.1,769.49
2025-06-16T20:58:01.694158,sensor_bedroom,bedroom,21.92,37.06,825.26
2025-06-16T20:58:01.695151,sensor_garage,garage,16.41,65.67,476.67
2025-06-16T20:58:21.696699,sensor_living_Room,living_Room,16.04,44.83,874.61
2025-06-16T20:58:21.696699,sensor_kitchen,kitchen,15.33,61.25,678.92
2025-06-16T20:58:21.697712,sensor_bedroom,bedroom,27.04,39.62,686.66
2025-06-16T20:58:21.697712,sensor_garage,garage,29.56,68.29,744.21
2025-06-16T20:58:41.698833,sensor_living_Room,living_Room,16.67,41.32,969.65
2025-06-16T20:58:41.699865,sensor_kitchen,kitchen,18.66,65.32,952.54
2025-06-16T20:58:41.700883,sensor_bedroom,bedroom,17.84,48.08,598.19
2025-06-16T20:58:41.701863,sensor_garage,garage,23.07,32.48,701.32
2025-06-16T20:59:01.704126,sensor_living_Room,living_Room,16.05,57.67,616.33
2025-06-16T20:59:01.704692,sensor_kitchen,kitchen,28.59,69.77,701.14
2025-06-16T20:59:01.704692,sensor_bedroom,bedroom,27.93,45.85,844.44
2025-06-16T20:59:01.705710,sensor_garage,garage,17.1,60.39,520.35
2025-06-16T20:59:21.706626,sensor_living_Room,living_Room,27.39,37.39,631.48
2025-06-16T20:59:21.706626,sensor_kitchen,kitchen,23.76,46.88,518.68
2025-06-16T20:59:21.707647,sensor_bedroom,bedroom,23.97,52.65,483.47
2025-06-16T20:59:21.707647,sensor_garage,garage,28.11,30.69,800.55
2025-06-16T20:59:41.709191,sensor_living_Room,living_Room,25.84,37.17,860.37
2025-06-16T20:59:41.709191,sensor_kitchen,kitchen,16.53,35.58,489.37
2025-06-16T20:59:41.710215,sensor_bedroom,bedroom,16.22,54.36,469.91
2025-06-16T20:59:41.710215,sensor_garage,garage,16.07,58.6,463.79
2025-06-16T21:00:01.711799,sensor_living_Room,living_Room,16.94,53.15,822.6
2025-06-16T21:00:01.712855,sensor_kitchen,kitchen,21.87,31.89,893.31
2025-06-16T21:00:01.713828,sensor_bedroom,bedroom,19.6,66.88,846.96
2025-06-16T21:00:01.714878,sensor_garage,garage,27.24,61.62,588.54
2025-06-16T21:00:21.716615,sensor_living_Room,living_Room,25.15,46.61,720.76
2025-06-16T21:00:21.717681,sensor_kitchen,kitchen,28.73,57.54,781.04
2025-06-16T21:00:21.718645,sensor_bedroom,bedroom,28.93,66.19,548.47
2025-06-16T21:00:21.719664,sensor_garage,garage,24.46,40.69,689.17
2025-06-16T21:00:41.721214,sensor_living_Room,living_Room,17.64,39.37,517.63
2025-06-16T21:00:41.722247,sensor_kitchen,kitchen,28.33,55.42,692.55
2025-06-16T21:00:41.722809,sensor_bedroom,bedroom,25.43,54.97,850.8
2025-06-16T21:00:41.723839,sensor_garage,garage,22.4,44.31,981.57
2025-06-16T21:01:01.726052,sensor_living_Room,living_Room,22.43,54.93,640.51
2025-06-16T21:01:01.727106,sensor_kitchen,kitchen,26.73,51.15,426.66
2025-06-16T21:01:01.728139,sensor_bedroom,bedroom,19.22,41.24,834.2
2025-06-16T21:01:01.729104,sensor_garage,garage,17.53,58.32,410.49
2025-06-16T21:01:21.731227,sensor_living_Room,living_Room,20.54,69.38,460.35
2025-06-16T21:01:21.732306,sensor_kitchen,kitchen,17.07,50.3,895.92
2025-06-16T21:01:21.733334,sensor_bedroom,bedroom,29.78,69.51,633.05
2025-06-16T21:01:21.734289,sensor_garage,garage,25.03,53.05,405.99
2025-06-16T21:01:41.736651,sensor_living_Room,living_Room,21.7,63.07,499.57
2025-06-16T21:01:41.737719,sensor_kitchen,kitchen,25.87,56.96,599.94
2025-06-16T21:01:41.738691,sensor_bedroom,bedroom,25.8,46.7,626.87
2025-06-16T21:01:41.739687,sensor_garage,garage,15.06,37.32,432.9
2025-06-16T21:02:01.742194,sensor_living_Room,living_Room,25.76,40.84,540.66
2025-06-16T21:02:01.742194,sensor_kitchen,kitchen,22.16,58.58,825.35
2025-06-16T21:02:01.743225,sensor_bedroom,bedroom,17.79,47.12,465.09
2025-06-16T21:02:01.744216,sensor_garage,garage,16.9,57.02,578.55
2025-06-16T21:02:21.745081,sensor_living_Room,living_Room,27.28,40.43,678.28
2025-06-16T21:02:21.745081,sensor_kitchen,kitchen,29.87,44.81,784.08
2025-06-16T21:02:21.746108,sensor_bedroom,bedroom,20.91,54.06,400.66
2025-06-16T21:02:21.746108,sensor_garage,garage,15.75,58.82,464.17
2025-06-16T21:02:41.747803,sensor_living_Room,living_Room,18.43,50.95,836.08
2025-06-16T21:02:41.748921,sensor_kitchen,kitchen,22.43,32.01,434.01
2025-06-16T21:02:41.749837,sensor_bedroom,bedroom,25.19,58.86,484.49
2025-06-16T21:02:41.751845,sensor_garage,garage,15.85,65.09,598.0
2025-06-16T21:03:01.753673,sensor_living_Room,living_Room,29.39,55.36,621.1
2025-06-16T21:03:01.753673,sensor_kitchen,kitchen,23.24,60.07,844.75
2025-06-16T21:03:01.754707,sensor_bedroom,bedroom,26.93,37.53,561.19
2025-06-16T21:03:01.754707,sensor_garage,garage,17.69,36.24,925.61
2025-06-16T21:03:21.756045,sensor_living_Room,living_Room,20.68,50.7,527.69
2025-06-16T21:03:21.757096,sensor_kitchen,kitchen,16.56,37.38,404.57
2025-06-16T21:03:21.757096,sensor_bedroom,bedroom,26.15,40.45,548.06
2025-06-16T21:03:21.758089,sensor_garage,garage,16.12,69.89,733.47
2025-06-16T21:03:41.759294,sensor_living_Room,living_Room,19.27,36.27,634.67
2025-06-16T21:03:41.760385,sensor_kitchen,kitchen,18.14,33.53,472.41
2025-06-16T21:03:41.761360,sensor_bedroom,bedroom,17.04,54.62,659.57
2025-06-16T21:03:41.762427,sensor_garage,garage,21.99,69.73,731.64
2025-06-16T21:04:01.764542,sensor_living_Room,living_Room,22.93,35.93,857.56
2025-06-16T21:04:01.765608,sensor_kitchen,kitchen,28.86,68.77,509.45
2025-06-16T21:04:01.765608,sensor_bedroom,bedroom,23.69,61.12,852.99
2025-06-16T21:04:01.766562,sensor_garage,garage,22.05,49.32,511.56
2025-06-16T21:04:21.767492,sensor_living_Room,living_Room,21.01,33.18,760.25
2025-06-16T21:04:21.768048,sensor_kitchen,kitchen,24.88,59.12,663.91
2025-06-16T21:04:21.769077,sensor_bedroom,bedroom,27.23,55.53,577.85
2025-06-16T21:04:21.770074,sensor_garage,garage,25.4,31.84,935.51
2025-06-16T21:04:41.772144,sensor_living_Room,living_Room,19.3,36.08,949.6
2025-06-16T21:04:41.773802,sensor_kitchen,kitchen,24.39,58.46,756.3
2025-06-16T21:04:41.774794,sensor_bedroom,bedroom,16.69,31.76,413.08
2025-06-16T21:04:41.775815,sensor_garage,garage,22.24,60.02,719.51
2025-06-16T21:05:01.777514,sensor_living_Room,living_Room,29.27,62.72,818.24
2025-06-16T21:05:01.778557,sensor_kitchen,kitchen,27.65,47.97,630.11
2025-06-16T21:05:01.779537,sensor_bedroom,bedroom,24.16,58.37,406.95
2025-06-16T21:05:01.780538,sensor_garage,garage,22.47,41.92,627.11
2025-06-16T21:05:21.782330,sensor_living_Room,living_Room,18.38,62.37,776.41
2025-06-16T21:05:21.783363,sensor_kitchen,kitchen,18.05,41.53,917.99
2025-06-16T21:05:21.784370,sensor_bedroom,bedroom,21.12,36.23,743.39
2025-06-16T21:05:21.785364,sensor_garage,garage,28.94,40.68,448.67
2025-06-16T21:05:41.787639,sensor_living_Room,living_Room,28.49,51.55,908.44
2025-06-16T21:05:41.787639,sensor_kitchen,kitchen,26.24,45.26,669.83
2025-06-16T21:05:41.787639,sensor_bedroom,bedroom,15.93,68.31,703.56
2025-06-16T21:05:41.788648,sensor_garage,garage,15.96,38.36,958.0
2025-06-16T21:06:01.789103,sensor_living_Room,living_Room,16.13,65.22,758.61
2025-06-16T21:06:01.791573,sensor_kitchen,kitchen,24.52,61.06,558.17
2025-06-16T21:06:01.792551,sensor_bedroom,bedroom,21.92,41.3,776.71
2025-06-16T21:06:01.793549,sensor_garage,garage,29.35,69.02,956.95
2025-06-16T21:06:21.795951,sensor_living_Room,living_Room,15.37,51.61,863.85
2025-06-16T21:06:21.796507,sensor_kitchen,kitchen,16.35,38.96,656.86
2025-06-16T21:06:21.796507,sensor_bedroom,bedroom,15.42,64.94,589.27
2025-06-16T21:06:21.797528,sensor_garage,garage,27.71,50.11,809.19
2025-06-16T21:06:41.798363,sensor_living_Room,living_Room,16.03,69.18,765.02
2025-06-16T21:06:41.798363,sensor_kitchen,kitchen,22.06,44.84,806.47
2025-06-16T21:06:41.799382,sensor_bedroom,bedroom,16.23,47.22,800.65
2025-06-16T21:06:41.800381,sensor_garage,garage,19.78,40.36,948.05
2025-06-16T21:07:01.801364,sensor_living_Room,living_Room,25.48,30.95,690.21
2025-06-16T21:07:01.802421,sensor_kitchen,kitchen,19.78,36.4,894.19
2025-06-16T21:07:01.802421,sensor_bedroom,bedroom,23.99,67.66,527.06
2025-06-16T21:07:01.803400,sensor_garage,garage,18.86,61.13,951.59
2025-06-16T21:07:21.804251,sensor_living_Room,living_Room,19.46,45.89,844.84
2025-06-16T21:07:21.804251,sensor_kitchen,kitchen,24.91,62.63,825.87
2025-06-16T21:07:21.805668,sensor_bedroom,bedroom,21.97,67.89,978.29
2025-06-16T21:07:21.805668,sensor_garage,garage,27.28,36.97,572.95
2025-06-16T21:07:41.806916,sensor_living_Room,living_Room,22.86,62.33,926.86
2025-06-16T21:07:41.806916,sensor_kitchen,kitchen,22.57,64.9,871.19
2025-06-16T21:07:41.806916,sensor_bedroom,bedroom,29.27,68.33,705.56
2025-06-16T21:07:41.806916,sensor_garage,garage,16.28,46.67,924.32
2025-06-16T21:08:01.808612,sensor_living_Room,living_Room,19.35,57.69,417.06
2025-06-16T21:08:01.809645,sensor_kitchen,kitchen,23.1,30.51,693.99
2025-06-16T21:08:01.810637,sensor_bedroom,bedroom,24.14,62.44,602.25
2025-06-16T21:08:01.812639,sensor_garage,garage,24.32,32.16,490.58
2025-06-16T21:08:21.814531,sensor_living_Room,living_Room,18.69,41.6,976.38
2025-06-16T21:08:21.815566,sensor_kitchen,kitchen,23.11,61.44,668.64
2025-06-16T21:08:21.817569,sensor_bedroom,bedroom,26.72,39.25,460.22
2025-06-16T21:08:21.818561,sensor_garage,garage,19.3,30.56,892.37
2025-06-16T21:08:41.819929,sensor_living_Room,living_Room,28.43,66.81,586.77
2025-06-16T21:08:41.820986,sensor_kitchen,kitchen,17.69,36.6,774.48
2025-06-16T21:08:41.821963,sensor_bedroom,bedroom,19.43,46.0,535.44
2025-06-16T21:08:41.822966,sensor_garage,garage,24.97,32.33,732.21
2025-06-16T21:09:01.824164,sensor_living_Room,living_Room,21.33,66.08,938.51
2025-06-16T21:09:01.824750,sensor_kitchen,kitchen,15.6,64.67,901.39
2025-06-16T21:09:01.825793,sensor_bedroom,bedroom,27.46,63.2,537.03
2025-06-16T21:09:01.826828,sensor_garage,garage,27.88,57.09,554.86
2025-06-16T21:09:21.827967,sensor_living_Room,living_Room,17.91,68.07,541.11
2025-06-16T21:09:21.827967,sensor_kitchen,kitchen,29.19,58.97,663.46
2025-06-16T21:09:21.827967,sensor_bedroom,bedroom,25.22,31.24,909.62
2025-06-16T21:09:21.827967,sensor_garage,garage,17.16,50.83,925.42
2025-06-16T21:09:41.829870,sensor_living_Room,living_Room,29.86,33.1,952.11
2025-06-16T21:09:41.829870,sensor_kitchen,kitchen,25.52,32.03,501.39
2025-06-16T21:09:41.830916,sensor_bedroom,bedroom,22.59,62.81,674.85
2025-06-16T21:09:41.831888,sensor_garage,garage,18.93,43.45,649.56
2025-06-16T21:10:01.833385,sensor_living_Room,living_Room,26.33,40.49,984.43
2025-06-16T21:10:01.834433,sensor_kitchen,kitchen,18.1,44.09,516.96
2025-06-16T21:10:01.836427,sensor_bedroom,bedroom,15.03,56.71,451.31
2025-06-16T21:10:01.837421,sensor_garage,garage,21.78,43.32,764.8
2025-06-16T21:10:21.838983,sensor_living_Room,living_Room,27.92,33.9,562.96
2025-06-16T21:10:21.840043,sensor_kitchen,kitchen,22.09,69.23,881.98
2025-06-16T21:10:21.841093,sensor_bedroom,bedroom,23.83,61.09,505.5
2025-06-16T21:10:21.842020,sensor_garage,garage,29.02,59.05,868.82
2025-06-16T21:10:41.844448,sensor_living_Room,living_Room,15.58,62.51,536.6
2025-06-16T21:10:41.844448,sensor_kitchen,kitchen,19.71,56.35,815.8
2025-06-16T21:10:41.845473,sensor_bedroom,bedroom,20.6,57.83,805.76
2025-06-16T21:10:41.846468,sensor_garage,garage,27.23,36.2,532.26
2025-06-16T21:11:01.848477,sensor_living_Room,living_Room,24.49,37.58,858.75
2025-06-16T21:11:01.849535,sensor_kitchen,kitchen,23.7,38.73,489.49
2025-06-16T21:11:01.850504,sensor_bedroom,bedroom,23.24,53.96,803.67
2025-06-16T21:11:01.851543,sensor_garage,garage,18.91,41.07,721.41
2025-06-16T21:11:21.853347,sensor_living_Room,living_Room,26.28,43.44,627.93
2025-06-16T21:11:21.853347,sensor_kitchen,kitchen,24.72,65.9,701.59
2025-06-16T21:11:21.854386,sensor_bedroom,bedroom,23.15,55.56,553.0
2025-06-16T21:11:21.854386,sensor_garage,garage,15.44,31.36,968.26
2025-06-16T21:11:41.855322,sensor_living_Room,living_Room,21.62,47.64,544.27
2025-06-16T21:11:41.855322,sensor_kitchen,kitchen,24.35,68.29,424.37
2025-06-16T21:11:41.855322,sensor_bedroom,bedroom,26.62,59.69,690.33
2025-06-16T21:11:41.856333,sensor_garage,garage,26.01,33.4,713.53
2025-06-16T21:12:01.857386,sensor_living_Room,living_Room,20.85,54.44,890.69
2025-06-16T21:12:01.858431,sensor_kitchen,kitchen,15.51,55.5,778.55
2025-06-16T21:12:01.858431,sensor_bedroom,bedroom,18.07,66.7,768.45
2025-06-16T21:12:01.859426,sensor_garage,garage,23.2,37.36,888.1
2025-06-16T21:12:21.860706,sensor_living_Room,living_Room,20.11,48.37,551.22
2025-06-16T21:12:21.860706,sensor_kitchen,kitchen,23.08,68.73,820.79
2025-06-16T21:12:21.861783,sensor_bedroom,bedroom,24.69,56.57,901.6
2025-06-16T21:12:21.862724,sensor_garage,garage,26.07,34.33,822.51
2025-06-16T21:12:41.863571,sensor_living_Room,living_Room,17.66,34.71,991.39
2025-06-16T21:12:41.864676,sensor_kitchen,kitchen,27.59,38.55,846.44
2025-06-16T21:12:41.865630,sensor_bedroom,bedroom,27.31,35.2,595.85
2025-06-16T21:12:41.866644,sensor_garage,garage,28.89,60.78,990.81
2025-06-16T21:13:01.868842,sensor_living_Room,living_Room,29.07,36.68,971.07
2025-06-16T21:13:01.868842,sensor_kitchen,kitchen,23.81,60.22,796.51
2025-06-16T21:13:01.870391,sensor_bedroom,bedroom,16.78,47.13,552.79
2025-06-16T21:13:01.870391,sensor_garage,garage,24.24,46.45,527.34
2025-06-16T21:13:21.871976,sensor_living_Room,living_Room,24.11,56.78,698.86
2025-06-16T21:13:21.871976,sensor_kitchen,kitchen,27.4,39.07,999.26
2025-06-16T21:13:21.872998,sensor_bedroom,bedroom,24.15,41.46,757.42
2025-06-16T21:13:21.872998,sensor_garage,garage,21.11,65.94,815.92
2025-06-16T21:13:41.874450,sensor_living_Room,living_Room,18.22,33.3,496.06
2025-06-16T21:13:41.875476,sensor_kitchen,kitchen,22.12,56.04,856.06
2025-06-16T21:13:41.876474,sensor_bedroom,bedroom,20.05,30.58,902.75
2025-06-16T21:13:41.877473,sensor_garage,garage,29.91,39.96,661.5
2025-06-16T21:14:01.878941,sensor_living_Room,living_Room,25.9,36.24,809.11
2025-06-16T21:14:01.880051,sensor_kitchen,kitchen,27.17,53.58,916.94
2025-06-16T21:14:01.881028,sensor_bedroom,bedroom,28.41,57.63,686.09
2025-06-16T21:14:01.883031,sensor_garage,garage,28.29,39.85,773.75
2025-06-16T21:14:21.884130,sensor_living_Room,living_Room,17.74,60.59,585.87
2025-06-16T21:14:21.885164,sensor_kitchen,kitchen,29.95,31.61,631.12
2025-06-16T21:14:21.886164,sensor_bedroom,bedroom,24.0,39.93,656.94
2025-06-16T21:14:21.888160,sensor_garage,garage,20.23,65.29,661.04
2025-06-16T21:14:41.889843,sensor_living_Room,living_Room,19.86,32.26,829.63
2025-06-16T21:14:41.890877,sensor_kitchen,kitchen,28.72,57.03,920.25
2025-06-16T21:14:41.891945,sensor_bedroom,bedroom,27.96,42.51,992.06
2025-06-16T21:14:41.893871,sensor_garage,garage,27.3,66.25,411.3
2025-06-16T21:15:01.895118,sensor_living_Room,living_Room,17.3,43.54,980.01
2025-06-16T21:15:01.895118,sensor_kitchen,kitchen,21.0,61.78,973.79
2025-06-16T21:15:01.895118,sensor_bedroom,bedroom,28.4,35.84,779.54
2025-06-16T21:15:01.895118,sensor_garage,garage,24.97,38.25,518.38
2025-06-16T21:15:21.896799,sensor_living_Room,living_Room,17.87,36.46,479.23
2025-06-16T21:15:21.897867,sensor_kitchen,kitchen,22.18,54.73,406.74
2025-06-16T21:15:21.898835,sensor_bedroom,bedroom,20.16,35.34,561.59
2025-06-16T21:15:21.899864,sensor_garage,garage,20.02,63.96,988.69
2025-06-16T21:15:41.901381,sensor_living_Room,living_Room,20.14,38.52,586.55
2025-06-16T21:15:41.901381,sensor_kitchen,kitchen,20.4,45.95,431.06
2025-06-16T21:15:41.901381,sensor_bedroom,bedroom,25.25,68.37,912.25
2025-06-16T21:15:41.901381,sensor_garage,garage,16.4,48.15,524.08
2025-06-16T22:47:12.584000,sensor_living_Room,living_Room,21.52,30.54,495.2
2025-06-16T22:47:12.584000,sensor_kitchen,kitchen,20.1,62.0,571.56
2025-06-16T22:47:12.584000,sensor_bedroom,bedroom,19.54,38.04,487.62
2025-06-16T22:47:12.585002,sensor_garage,garage,16.28,60.63,954.3
2025-06-16T22:47:32.586000,sensor_living_Room,living_Room,28.81,52.3,621.92
2025-06-16T22:47:32.587037,sensor_kitchen,kitchen,26.31,45.52,455.76
2025-06-16T22:47:32.589034,sensor_bedroom,bedroom,29.11,30.92,769.02
2025-06-16T22:47:32.590030,sensor_garage,garage,15.49,41.43,952.88
2025-06-16T22:47:52.591856,sensor_living_Room,living_Room,21.83,36.78,676.71
2025-06-16T22:47:52.592888,sensor_kitchen,kitchen,15.08,41.95,699.71
2025-06-16T22:47:52.593888,sensor_bedroom,bedroom,29.35,65.6,805.02
2025-06-16T22:47:52.594895,sensor_garage,garage,21.53,61.62,950.71
2025-06-16T22:48:12.596151,sensor_living_Room,living_Room,17.63,57.75,932.09
2025-06-16T22:48:12.596151,sensor_kitchen,kitchen,27.38,66.53,423.28
2025-06-16T22:48:12.597176,sensor_bedroom,bedroom,29.54,47.67,767.37
2025-06-16T22:48:12.597176,sensor_garage,garage,22.26,69.93,544.85
2025-06-16T22:48:32.598435,sensor_living_Room,living_Room,23.99,45.67,919.78
2025-06-16T22:48:32.598946,sensor_kitchen,kitchen,27.28,36.65,727.82
2025-06-16T22:48:32.598946,sensor_bedroom,bedroom,21.91,60.49,620.21
2025-06-16T22:48:32.599960,sensor_garage,garage,27.87,59.26,914.37
2025-06-16T22:48:52.601308,sensor_living_Room,living_Room,22.22,58.37,652.88
2025-06-16T22:48:52.601308,sensor_kitchen,kitchen,28.56,38.66,898.29
2025-06-16T22:48:52.602328,sensor_bedroom,bedroom,25.22,43.54,856.81
2025-06-16T22:48:52.602328,sensor_garage,garage,29.22,39.51,415.84
2025-06-16T22:49:12.604258,sensor_living_Room,living_Room,20.52,42.91,590.37
2025-06-16T22:49:12.605337,sensor_kitchen,kitchen,29.42,43.57,419.96
2025-06-16T22:49:12.606291,sensor_bedroom,bedroom,24.51,49.35,691.33
2025-06-16T22:49:12.607298,sensor_garage,garage,18.92,39.77,704.79
2025-06-16T22:49:32.609527,sensor_living_Room,living_Room,23.56,53.01,865.96
2025-06-16T22:49:32.609527,sensor_kitchen,kitchen,20.09,55.8,455.19
2025-06-16T22:49:32.610556,sensor_bedroom,bedroom,15.19,68.76,786.48
2025-06-16T22:49:32.611566,sensor_garage,garage,18.29,56.01,822.8
2025-06-16T22:49:52.612692,sensor_living_Room,living_Room,24.13,31.63,794.82
2025-06-16T22:49:52.612692,sensor_kitchen,kitchen,25.61,68.23,725.33
2025-06-16T22:49:52.613711,sensor_bedroom,bedroom,20.95,48.05,766.54
2025-06-16T22:49:52.614712,sensor_garage,garage,18.96,44.16,672.56
2025-06-16T22:50:12.615707,sensor_living_Room,living_Room,20.42,45.53,562.26
2025-06-16T22:50:12.617284,sensor_kitchen,kitchen,22.97,66.97,549.72
2025-06-16T22:50:12.619284,sensor_bedroom,bedroom,16.3,67.57,684.29
2025-06-16T22:50:12.620291,sensor_garage,garage,29.2,53.24,510.64
2025-06-16T22:50:32.622288,sensor_living_Room,living_Room,19.32,31.51,872.11
2025-06-16T22:50:32.623353,sensor_kitchen,kitchen,19.56,69.22,678.52
2025-06-16T22:50:32.624337,sensor_bedroom,bedroom,28.46,54.1,968.1
2025-06-16T22:50:32.624337,sensor_garage,garage,15.12,34.24,690.16
2025-06-16T22:50:52.626324,sensor_living_Room,living_Room,15.2,59.72,749.24
2025-06-16T22:50:52.627347,sensor_kitchen,kitchen,19.2,44.91,527.15
2025-06-16T22:50:52.627347,sensor_bedroom,bedroom,26.43,69.79,949.93
2025-06-16T22:50:52.628344,sensor_garage,garage,15.87,45.62,429.04
2025-06-16T22:51:12.630224,sensor_living_Room,living_Room,18.98,33.43,658.95
2025-06-16T22:51:12.631947,sensor_kitchen,kitchen,26.61,35.02,460.38
2025-06-16T22:51:12.633874,sensor_bedroom,bedroom,24.01,35.57,586.1
2025-06-16T22:51:12.634869,sensor_garage,garage,23.72,51.32,871.79
2025-06-16T22:51:32.636055,sensor_living_Room,living_Room,20.13,39.44,432.63
2025-06-16T22:51:32.636055,sensor_kitchen,kitchen,15.79,50.61,904.85
2025-06-16T22:51:32.636055,sensor_bedroom,bedroom,16.3,57.98,485.88
2025-06-16T22:51:32.637064,sensor_garage,garage,27.54,61.45,922.05
2025-06-16T22:51:52.637446,sensor_living_Room,living_Room,15.63,67.36,764.58
2025-06-16T22:51:52.639097,sensor_kitchen,kitchen,29.19,54.57,628.26
2025-06-16T22:51:52.640069,sensor_bedroom,bedroom,19.25,31.82,720.36
2025-06-16T22:51:52.641012,sensor_garage,garage,16.2,30.11,713.34
2025-06-16T22:52:12.643064,sensor_living_Room,living_Room,24.24,42.05,453.13
2025-06-16T22:52:12.643064,sensor_kitchen,kitchen,19.7,46.44,595.76
2025-06-16T22:52:12.644128,sensor_bedroom,bedroom,16.45,40.85,952.27
2025-06-16T22:52:12.644128,sensor_garage,garage,19.12,33.71,412.34
2025-06-16T22:52:32.645650,sensor_living_Room,living_Room,25.82,53.08,487.03
2025-06-16T22:52:32.645650,sensor_kitchen,kitchen,28.96,65.72,873.47
2025-06-16T22:52:32.646705,sensor_bedroom,bedroom,23.48,67.99,855.27
2025-06-16T22:52:32.646705,sensor_garage,garage,17.29,33.87,634.15
2025-06-16T22:52:52.648102,sensor_living_Room,living_Room,18.25,41.74,899.72
2025-06-16T22:52:52.648102,sensor_kitchen,kitchen,24.79,39.15,767.89
2025-06-16T22:52:52.649119,sensor_bedroom,bedroom,23.68,43.39,850.43
2025-06-16T22:52:52.649119,sensor_garage,garage,29.98,63.6,472.13
2025-06-16T22:53:12.650452,sensor_living_Room,living_Room,15.87,66.58,506.1
2025-06-16T22:53:12.650452,sensor_kitchen,kitchen,27.19,34.53,989.71
2025-06-16T22:53:12.650452,sensor_bedroom,bedroom,27.37,55.07,723.14
2025-06-16T22:53:12.650452,sensor_garage,garage,16.86,65.2,603.13
2025-06-16T22:53:32.652036,sensor_living_Room,living_Room,21.36,67.76,619.6
2025-06-16T22:53:32.653085,sensor_kitchen,kitchen,19.84,47.05,858.46
2025-06-16T22:53:32.654116,sensor_bedroom,bedroom,19.59,44.52,733.05
2025-06-16T22:53:32.655082,sensor_garage,garage,27.77,67.94,471.91
2025-06-16T22:53:52.656706,sensor_living_Room,living_Room,26.46,36.85,669.48
2025-06-16T22:53:52.658455,sensor_kitchen,kitchen,26.33,57.56,838.99
2025-06-16T22:53:52.659351,sensor_bedroom,bedroom,22.3,56.32,518.14
2025-06-16T22:53:52.660447,sensor_garage,garage,24.89,48.96,704.27
2025-06-16T22:54:12.662397,sensor_living_Room,living_Room,25.32,39.9,995.27
2025-06-16T22:54:12.663417,sensor_kitchen,kitchen,23.26,51.78,796.62
2025-06-16T22:54:12.663417,sensor_bedroom,bedroom,26.92,69.14,441.41
2025-06-16T22:54:12.663417,sensor_garage,garage,20.74,43.59,459.95
2025-06-16T22:54:32.664666,sensor_living_Room,living_Room,26.37,46.12,857.52
2025-06-16T22:54:32.665779,sensor_kitchen,kitchen,20.22,44.65,490.81
2025-06-16T22:54:32.666776,sensor_bedroom,bedroom,15.88,43.15,834.75
2025-06-16T22:54:32.667755,sensor_garage,garage,22.92,50.22,790.33
2025-06-16T22:54:52.669451,sensor_living_Room,living_Room,17.34,37.9,640.89
2025-06-16T22:54:52.671106,sensor_kitchen,kitchen,21.55,32.82,487.68
2025-06-16T22:54:52.672037,sensor_bedroom,bedroom,25.86,48.34,822.45
2025-06-16T22:54:52.673072,sensor_garage,garage,23.96,69.84,811.57
2025-06-16T22:55:12.675419,sensor_living_Room,living_Room,19.14,32.6,460.65
2025-06-16T22:55:12.675419,sensor_kitchen,kitchen,27.19,36.06,665.31
2025-06-16T22:55:12.675419,sensor_bedroom,bedroom,25.63,33.97,905.01
2025-06-16T22:55:12.676440,sensor_garage,garage,17.49,42.01,889.91
2025-06-16T22:55:32.677326,sensor_living_Room,living_Room,16.89,60.99,990.9
2025-06-16T22:55:32.677326,sensor_kitchen,kitchen,29.69,62.6,492.14
2025-06-16T22:55:32.677326,sensor_bedroom,bedroom,16.94,42.45,621.8
2025-06-16T22:55:32.678332,sensor_garage,garage,16.4,55.4,458.32
2025-06-16T22:55:52.679021,sensor_living_Room,living_Room,24.55,41.53,654.88
2025-06-16T22:55:52.679531,sensor_kitchen,kitchen,22.59,48.51,864.61
2025-06-16T22:55:52.679531,sensor_bedroom,bedroom,15.99,32.62,605.94
2025-06-16T22:55:52.679531,sensor_garage,garage,24.28,30.32,688.94
2025-06-16T22:56:12.680297,sensor_living_Room,living_Room,19.83,41.53,895.91
2025-06-16T22:56:12.680297,sensor_kitchen,kitchen,25.75,51.33,427.92
2025-06-16T22:56:12.680297,sensor_bedroom,bedroom,17.61,38.23,869.8
2025-06-16T22:56:12.680297,sensor_garage,garage,29.92,33.16,999.36
2025-06-16T22:56:32.681573,sensor_living_Room,living_Room,19.29,40.72,514.7
2025-06-16T22:56:32.682089,sensor_kitchen,kitchen,18.62,49.69,681.27
2025-06-16T22:56:32.682089,sensor_bedroom,bedroom,26.91,36.64,513.0
2025-06-16T22:56:32.682089,sensor_garage,garage,20.69,47.03,512.98
2025-06-16T22:56:52.683168,sensor_living_Room,living_Room,29.34,34.68,565.53
2025-06-16T22:56:52.684180,sensor_kitchen,kitchen,27.9,32.69,692.25
2025-06-16T22:56:52.687178,sensor_bedroom,bedroom,26.27,69.5,966.57
2025-06-16T22:56:52.687178,sensor_garage,garage,23.32,39.91,478.97
2025-06-16T22:57:12.688613,sensor_living_Room,living_Room,21.21,58.17,657.38
2025-06-16T22:57:12.689715,sensor_kitchen,kitchen,17.04,64.82,914.73
2025-06-16T22:57:12.690678,sensor_bedroom,bedroom,24.78,57.27,973.99
2025-06-16T22:57:12.692683,sensor_garage,garage,19.91,36.25,990.35
2025-06-16T22:57:32.694428,sensor_living_Room,living_Room,17.77,33.98,815.55
2025-06-16T22:57:32.694428,sensor_kitchen,kitchen,15.06,47.95,999.04
2025-06-16T22:57:32.695441,sensor_bedroom,bedroom,24.76,41.32,702.4
2025-06-16T22:57:32.695441,sensor_garage,garage,28.8,58.03,977.4
2025-06-16T22:57:52.696848,sensor_living_Room,living_Room,29.64,43.02,661.52
2025-06-16T22:57:52.696848,sensor_kitchen,kitchen,23.0,61.61,911.04
2025-06-16T22:57:52.697861,sensor_bedroom,bedroom,25.89,60.06,983.1
2025-06-16T22:57:52.697861,sensor_garage,garage,20.44,32.78,707.54
2025-06-16T22:58:12.699422,sensor_living_Room,living_Room,25.47,62.91,865.71
2025-06-16T22:58:12.700436,sensor_kitchen,kitchen,15.89,68.79,906.37
2025-06-16T22:58:12.700436,sensor_bedroom,bedroom,23.14,54.85,785.83
2025-06-16T22:58:12.701439,sensor_garage,garage,24.87,35.13,948.68
2025-06-16T22:58:32.702388,sensor_living_Room,living_Room,24.97,42.94,606.51
2025-06-16T22:58:32.702907,sensor_kitchen,kitchen,18.02,46.85,628.01
2025-06-16T22:58:32.702907,sensor_bedroom,bedroom,27.01,30.39,497.6
2025-06-16T22:58:32.702907,sensor_garage,garage,19.81,64.87,822.94
2025-06-16T22:58:52.704075,sensor_living_Room,living_Room,28.85,32.22,526.28
2025-06-16T22:58:52.705236,sensor_kitchen,kitchen,29.27,37.3,809.35
2025-06-16T22:58:52.707150,sensor_bedroom,bedroom,17.42,62.06,932.65
2025-06-16T22:58:52.708146,sensor_garage,garage,16.88,40.25,488.6
2025-06-16T22:59:12.709967,sensor_living_Room,living_Room,21.21,30.5,407.14
2025-06-16T22:59:12.709967,sensor_kitchen,kitchen,28.94,48.29,507.87
2025-06-16T22:59:12.710996,sensor_bedroom,bedroom,26.79,36.18,823.68
2025-06-16T22:59:12.710996,sensor_garage,garage,25.93,48.59,852.8
2025-06-16T22:59:32.712042,sensor_living_Room,living_Room,17.55,55.84,923.23
2025-06-16T22:59:32.713029,sensor_kitchen,kitchen,25.86,66.0,573.38
2025-06-16T22:59:32.714075,sensor_bedroom,bedroom,29.93,67.97,552.96
2025-06-16T22:59:32.715100,sensor_garage,garage,29.4,53.64,846.23
2025-06-16T22:59:52.717108,sensor_living_Room,living_Room,18.44,31.16,409.6
2025-06-16T22:59:52.717108,sensor_kitchen,kitchen,16.6,45.15,784.3
2025-06-16T22:59:52.718120,sensor_bedroom,bedroom,26.57,63.81,928.91
2025-06-16T22:59:52.718120,sensor_garage,garage,22.94,61.95,806.89
2025-06-16T23:00:12.718833,sensor_living_Room,living_Room,20.33,31.9,780.67
2025-06-16T23:00:12.718833,sensor_kitchen,kitchen,27.85,59.29,727.09
2025-06-16T23:00:12.719854,sensor_bedroom,bedroom,19.57,55.53,937.65
2025-06-16T23:00:12.719854,sensor_garage,garage,20.02,57.26,879.15
2025-06-16T23:00:32.720590,sensor_living_Room,living_Room,22.77,30.91,874.27
2025-06-16T23:00:32.722215,sensor_kitchen,kitchen,19.35,51.21,764.29
2025-06-16T23:00:32.723250,sensor_bedroom,bedroom,17.62,48.99,708.26
2025-06-16T23:00:32.724236,sensor_garage,garage,24.43,33.8,731.54
2025-06-16T23:00:52.725816,sensor_living_Room,living_Room,25.73,69.3,781.87
2025-06-16T23:00:52.725816,sensor_kitchen,kitchen,23.23,66.22,767.72
2025-06-16T23:00:52.726831,sensor_bedroom,bedroom,26.35,33.06,741.27
2025-06-16T23:00:52.727834,sensor_garage,garage,16.6,68.27,773.6
2025-06-16T23:01:12.728957,sensor_living_Room,living_Room,21.09,37.5,403.89
2025-06-16T23:01:12.728957,sensor_kitchen,kitchen,17.2,59.74,988.88
2025-06-16T23:01:12.728957,sensor_bedroom,bedroom,15.94,69.04,674.51
2025-06-16T23:01:12.728957,sensor_garage,garage,24.33,49.45,400.88
2025-06-16T23:01:32.730900,sensor_living_Room,living_Room,21.44,32.42,470.65
2025-06-16T23:01:32.731952,sensor_kitchen,kitchen,29.56,67.98,990.12
2025-06-16T23:01:32.733024,sensor_bedroom,bedroom,16.68,61.29,813.55
2025-06-16T23:01:32.733956,sensor_garage,garage,15.36,66.86,753.52
2025-06-16T23:01:52.735950,sensor_living_Room,living_Room,24.06,30.33,823.72
2025-06-16T23:01:52.737067,sensor_kitchen,kitchen,16.47,49.07,762.53
2025-06-16T23:01:52.738981,sensor_bedroom,bedroom,17.8,39.35,997.01
2025-06-16T23:01:52.740004,sensor_garage,garage,22.83,59.83,839.49
2025-06-16T23:02:12.741437,sensor_living_Room,living_Room,20.39,38.14,553.72
2025-06-16T23:02:12.742479,sensor_kitchen,kitchen,27.79,61.83,934.21
2025-06-16T23:02:12.742479,sensor_bedroom,bedroom,23.55,46.76,755.38
2025-06-16T23:02:12.743476,sensor_garage,garage,21.07,50.24,592.1
